openalex_id,doi,title,abstract,publication_year,publication_date,type,language,cited_by_count,referenced_works_count,is_oa,oa_status,source,source_type,authors,institutions,countries,n_countries,es_colaboracion_intl,topics,concepts,grants,funders,terminos_ia_hallados,n_terminos_ia,pais_consulta,version_query,fecha_descarga
https://openalex.org/W2963012151,https://doi.org/10.1145/3208159.3208173,3D Reconstruction of Incomplete Archaeological Objects Using a Generative Adversarial Network,"We introduce a data-driven approach to aid the repairing and conservation of archaeological objects: ORGAN, an object reconstruction generative adversarial network (GAN). By using an encoder-decoder 3D deep neural network on a GAN architecture, and combining two loss objectives: a completion loss and an Improved Wasserstein GAN loss, we can train a network to effectively predict the missing geometry of damaged objects. As archaeological objects can greatly differ between them, the network is conditioned on a variable, which can be a culture, a region or any metadata of the object. In our results, we show that our method can recover most of the information from damaged objects, even in cases where more than half of the voxels are missing, without producing many errors.",2018,2018-05-23,conference-paper,en,59,28,False,closed,,,Renato Hermoza; Ivan Sipiran,Pontificia Universidad Católica del Perú,pe,1,0,Image Processing and 3D Reconstruction; 3D Surveying and Cultural Heritage; 3D Shape Modeling and Analysis,Metadata; Object (grammar); Computer science; Generative grammar; Artificial intelligence; Generative adversarial network; Artificial neural network; Adversarial system; Voxel; Computer vision; Architecture; Pattern recognition (psychology); Deep learning; Archaeology; Geography; Operating system,,,neural network,1,pe,v1,2026-08-13
https://openalex.org/W2804200767,https://doi.org/10.2312/3dor.20181057,Completion of Cultural Heritage Objects with Rotational Symmetry,"Archaeological artifacts are an important part of our cultural heritage. They help us understand how our ancestors used to live. Unfortunately, many of these objects are badly damaged by the passage of time and need repair. If the object exhibits some form of symmetry, it is possible to complete the missing regions by replicating existing parts of the object. In this paper, we present a framework to complete 3D objects that exhibit rotational symmetry. Our approach combines a number of algorithms from the computer vision community that have had good performance at solving similar problems. In order to complete an archaeological artifact, we begin by scanning the object to produce a 3D mesh of triangles. We then preprocess the mesh to remove fissures and smoothen the surface. We continue by detecting the most salient vertices of the mesh (the key-points). If the object exhibits rotational symmetry, the key-points should form a circular structure which the Random Sample Consensus (RANSAC) algorithm should be able to detect. The axis of symmetry of the circle found should correspond to the axis of symmetry of the object. Thus, by rotating the mesh around the axis of the circle we should be able to complete a large portion of the missing regions. We alleviate any misalignment caused during the rotations via a non-rigid alignment procedure. In the evaluation, we compare the performance of our approach with other state of the art algorithms for 3D object completion. The benchmark proves that our algorithm is effective at completing damaged archaeological objects.",2018,2018-01-01,other,en,2,14,True,green,Eurographics,repository,Ivan Sipiran,Pontificia Universidad Católica del Perú,pe,1,0,Image Processing and 3D Reconstruction; 3D Surveying and Cultural Heritage; Historical Astronomy and Related Studies,Rotational symmetry; Symmetry (geometry); Cultural heritage; Computer science; Computer vision; Physics; Geometry; Mathematics; Geography; Archaeology,,,computer vision,1,pe,v1,2026-08-13
https://openalex.org/W4404689072,https://doi.org/10.1109/andescon61840.2024.10755648,An Application of Convolutional Neural Networks for Archaeological Andean Pottery,"This paper presents an initial exploration into the application of Convolutional Neural Networks to archaeological Andean region pottery. To do this, it studies how Artificial Intel-ligence can make cultural artifacts more accessible and understandable to a wider audience, thereby democratizing knowledge. Utilizing a comprehensive database from the Larco Museum, which includes 44,711 archaeological artifacts, this study focuses on a refined subset of 29,115 entries. We enhance this dataset with additional archaeological annotations and employ data augmentation techniques to train the Convolutional Neural Networks models. The paper demonstrates significant results in accurately predicting the style, culture, and chronology of these artifacts, showcasing the potential of Artificial Intelligence to help archaeological research. The paper underscores the transfor-mative impact of Artificial Intelligence integration into Andean archaeology, not only as a methodological enhancement but also as a tool for better preservation and understanding of cultural heritage. Looking ahead, we propose further improvements to the models by expanding the dataset and refining annotations to better support the cataloging processes in museums and other cultural institutions.",2024,2024-09-11,conference-paper,en,1,0,False,closed,,,Dina Soledad Cornejo; Mauricio Salazar Espinosa; Javier Vera Zúñiga,Pontificia Universidad Católica del Perú,pe,1,0,Image Processing and 3D Reconstruction; Cultural Heritage Materials Analysis; 3D Surveying and Cultural Heritage,Pottery; Convolutional neural network; Archaeology; Computer science; Artificial intelligence; History,,,artificial intelligence; neural network; convolutional,3,pe,v1,2026-08-13
https://openalex.org/W4293661269,https://doi.org/10.1002/cav.2110,DeepHistory: A convolutional neural network for automatic animation of museum paintings,"Abstract Deep learning models have shown that it is possible to train neural networks to dispense, to a lesser or greater extent, with the need for human intervention for the task of image animation, which helps to reduce not only the production time of these audiovisual pieces, but also presents benefits with respect to the economic investment they require to be made. However, these models suffer from two common problems: the animations they generate are of very low resolution and they require large amounts of training data to generate good results. To deal with these issues, this article introduces the architectural modification of a state‐of‐the‐art image animation model integrated with a video super‐resolution model to make the generated videos more visually pleasing to viewers. Although it is possible to train the animation models with higher resolution images, the time it would take to train them would be much longer, which does not necessarily benefit the quality of the animation, so it is more efficient to complement it with another model focused on improving the animation resolution of the generated video as we demonstrate in our results. We present the design and implementation of a convolutional neural network based on an state‐of‐art model focused on the image animation task, which is trained with a set of facial data from videos extracted from the YouTube platform. To determine which of all the modifications to the selected state‐of‐the‐art model architecture is better, the results are compared with different metrics that evaluate the performance in image animation and video quality enhancement tasks. The results show that modifying the architecture of the model focused on the detection of characteristic points significantly helps to generate more anatomically and visually attractive videos. In addition, perceptual testing with users shows that using a super‐resolution video model as a plugin helps generate more visually appealing videos.",2022,2022-08-29,article,en,7,44,False,closed,Computer Animation and Virtual Worlds,journal,Jose Ysique‐Neciosup; Nilton Mercado‐Chavez; Willy Ugarte,Peruvian University of Applied Sciences,pe,1,0,Advanced Image Processing Techniques; Advanced Vision and Imaging; Image Enhancement Techniques,Computer science; Animation; Convolutional neural network; Artificial intelligence; Task (project management); Computer facial animation; Computer animation; Set (abstract data type); Computer vision; Computer graphics (images); Management; Programming language; Economics,,,deep learning; neural network; convolutional,3,pe,v1,2026-08-13
https://openalex.org/W4200039190,https://doi.org/10.1109/clei53233.2021.9639989,ODROM: Object Detection and Recognition supported by Ontologies and applied to Museums,"In robotics, object detection in images or videos, obtained in real-time from sensors of robots can be used to support the implementation of service robot tasks (e.g., navigation, model its social behavior, recognize objects in a specific domain), usually accomplished in indoor environments. However, traditional deep learning based object detection techniques present limitations in such indoor environments, specifically related to the detection of small objects and the management of high density of multiple objects. Coupled with these limitations, for specific domains (e.g., hospitals, museums), it is important that the robot, apart from detecting objects, extracts and knows information of the targeted objects. Ontologies, as a part of the Semantic Web, are presented as a feasible option to formally represent the information related to the objects of a particular domain. In this context, this work proposes an object detection and recognition process based on a Deep Learning algorithm, object descriptors, and an ontology. ODROM, an Object Detection and Recognition algorithm supported by Ontologies and applied to Museums, is an implementation to validate the proposal. Experiments show that the usage of ontologies is a good way of desambiguating the detection, obtained with a and$\mathbf{mAP}{@}0.5=0.88$and a$\mathbf{mAP}{@}[0.5:0.95]=61\%$.",2021,2021-10-25,conference-paper,en,7,44,True,green,,,Alejandro Tejada-Mesias; Irvin Dongo; Yudith Cardinale; José Díaz-Amado,Simón Bolívar University; Universidad Católica San Pablo; Universidade Federal da Bahia; École Supérieure des Technologies Industrielles Avancées,br; fr; pe; ve,4,1,Advanced Image and Video Retrieval Techniques; Advanced Neural Network Applications; Multimodal Machine Learning Applications,Computer science; Object detection; Object (grammar); Domain (mathematical analysis); Ontology; Artificial intelligence; Context (archaeology); Robot; Cognitive neuroscience of visual object recognition; Information retrieval; Computer vision; Pattern recognition (psychology); Mathematics; Biology; Mathematical analysis; Philosophy; Paleontology; Epistemology,,,deep learning,1,pe,v1,2026-08-13
https://openalex.org/W4309756532,https://doi.org/10.1186/s40494-022-00821-3,Bibliometric analysis of fourth industrial revolution applied to heritage studies based on web of science and scopus databases from 2016 to 2021,"Using past material and spiritual remains, cultural heritage examines communities' identity formation across time. Cultural heritage requires public and private institutions to care about its restoration, maintenance, conservation, and promotion. Through a bibliometric perspective, this study has analyzed, quantified, and mapped the scientific production of the fourth industrial revolution applied to heritage studies from 2016 to 2021 in the Scopus and Web of Science databases. Biblioshiny software from RStudio was employed to categorize and evaluate the contribution of authors, countries, institutions, and journals. In addition, VOSviewer was used to visualize their collaboration networks. As a main result, we found that augmented reality and remote sensing represent the research hotspot concerning heritage studies. Those techniques have become common in archaeology, as well as museums, leading to an increase in their activity. Perhaps, more recent tools, such as machine learning and deep learning, will provide future pathways in cultural heritage from data collected in social networks. This bibliometric analysis, therefore, provides an updated perspective of the implementations of technologies from industry 4.0 in heritage science as a possible guideline for future worldwide research.",2022,2022-11-22,article,en,40,47,True,gold,Heritage Science,journal,Aníbal Alviz-Meza; Manuel H. Vásquez-Coronado; Jorge G. Delgado-Caramutti; Daniel José Blanco‐Victorio,Universidad Señor de Sipán; University of Cartagena,co; pe,2,1,Conservation Techniques and Studies; Archaeological Research and Protection; Cultural Heritage Management and Preservation,Scopus; Cultural heritage; Promotion (chess); Data science; Categorization; Industrial heritage; Cultural heritage management; World Wide Web; Computer science; Knowledge management; Political science; Archaeology; Geography; MEDLINE; Artificial intelligence; Politics; Law,,,machine learning; deep learning,2,pe,v1,2026-08-13
https://openalex.org/W4399512543,https://doi.org/10.7494/geom.2024.18.3.25,Building Semantic Segmentation Using UNet Convolutional Network on SpaceNet Public Data Sets for Monitoring Surrounding Area of Chan Chan (Peru),"The amount of damage to cultural heritage sites is increasing rapidly every year. This is due to inadequate heritage management and uncontrolled urban growth as well as unpredictable seismic and atmospheric events that manifest themselves in a continuously deteriorating ecosystem. Thus, applications of artificial intelligence (AI) in remote-sensing (RS) techniques (machine-learning and deep-learning algorithms) for monitoring archaeological sites have increased in recent years. This research involves the surrounding area of the archaeological site of Chan Chan in Peru in particular. An approach that is based on the use of AI algorithms for building footprint segmentation and changedetection analysis by means of RS images is proposed. It involves a UNet convolutional network based on an EfficientNet B0 to B7 encoder. The network was trained on two public data sets from SpaceNet that were based on WV2 and WV3 satellite images: SpaceNet V1 (Rio), and SpaceNet V2 (Shanghai). In the pre-processing phase, the images from the two data sets have been equalized in order to improve their quality and avoid overfitting. The building segmentation has been performed on HRV images of the study area that were downloaded from Google Earth Pro. The value that was achieved in the IoU metric was around 70% in both experiments. The purpose of this proposed methodology is to assist scientists in drafting monitoring and conservation protocols based on already-recorded data in order to prevent future disasters and hazards.",2024,2024-04-18,article,en,6,0,True,diamond,Geomatics and Environmental Engineering,journal,Miguel Chicchón; Eva Savina Malinverni; Marsia Sanità; Roberto Pierdicca; Francesca Colosi; Francisco James León Trujillo,Istituto di Scienze Marine del Consiglio Nazionale delle Ricerche; Marche Polytechnic University; Pontificia Universidad Católica del Perú; Universidad Científica del Sur; Universidad de Lima,it; pe,2,1,Archaeological Research and Protection; Conservation Techniques and Studies; 3D Surveying and Cultural Heritage,Segmentation; Overfitting; Computer science; Deep learning; Cultural heritage; Artificial intelligence; Convolutional neural network; Data mining; Remote sensing; Geography; Cartography; Artificial neural network; Archaeology,,,artificial intelligence; convolutional,2,pe,v1,2026-08-13
https://openalex.org/W3131043787,https://doi.org/10.3390/s21041322,Emotion Detection for Social Robots Based on NLP Transformers and an Emotion Ontology,"For social robots, knowledge regarding human emotional states is an essential part of adapting their behavior or associating emotions to other entities. Robots gather the information from which emotion detection is processed via different media, such as text, speech, images, or videos. The multimedia content is then properly processed to recognize emotions/sentiments, for example, by analyzing faces and postures in images/videos based on machine learning techniques or by converting speech into text to perform emotion detection with natural language processing (NLP) techniques. Keeping this information in semantic repositories offers a wide range of possibilities for implementing smart applications. We propose a framework to allow social robots to detect emotions and to store this information in a semantic repository, based on EMONTO (an EMotion ONTOlogy), and in the first figure or table caption. Please define if appropriate. an ontology to represent emotions. As a proof-of-concept, we develop a first version of this framework focused on emotion detection in text, which can be obtained directly as text or by converting speech to text. We tested the implementation with a case study of tour-guide robots for museums that rely on a speech-to-text converter based on the Google Application Programming Interface (API) and a Python library, a neural network to label the emotions in texts based on NLP transformers, and EMONTO integrated with an ontology for museums; thus, it is possible to register the emotions that artworks produce in visitors. We evaluate the classification model, obtaining equivalent results compared with a state-of-the-art transformer-based model and with a clear roadmap for improvement.",2021,2021-02-13,article,en,84,51,True,gold,Sensors,journal,Wilfredo Graterol; José Díaz-Amado; Yudith Cardinale; Irvin Dongo; Edmundo Lopes-Silva; Cleia Santos-Libarino,Instituto Federal da Bahia; Simón Bolívar University; Universidad Católica San Pablo; École Supérieure des Technologies Industrielles Avancées,br; fr; pe; ve,4,1,Multimodal Machine Learning Applications; Topic Modeling; Sentiment Analysis and Opinion Mining,Computer science; Natural language processing; Artificial intelligence; Ontology; Robot; Transformer; Emotion detection; Python (programming language); Emotion recognition; Operating system; Quantum mechanics; Voltage; Epistemology; Philosophy; Physics,,,machine learning; neural network; natural language processing,3,pe,v1,2026-08-13
https://openalex.org/W4308330926,https://doi.org/10.3390/su142114425,Fields Touched by Digitalization: Analysis of Scientific Activity in Scopus,"This study aims to analyze the publications in Scopus around digitalization in the space of time between 2018 and 2022. A bibliometric review is carried out with a bibliographic approach for 658 documents, which were processed by RStudio and VOSviewer software. The findings show the ten fields where digitization is most applied: “Archives, Corruption and Economy”, “Industry 4.0, Internet of Things, Sustainability and Big Data”, “Cultural Heritage, Deep Learning, Preservation and BIM”, “Photogrammetry and 3D Digitalization”, “Artificial Intelligence (AI) and Supply Chain Management”, “Augmented Reality, Machine Learning and Virtual Reality”, “Innovation, Business Model and Publishing Industry”, “Algorithms, E-government and Biometrics”, “Digital Collections” and “Healthcare”. It should be noted that this document is based on 88.14% original studies, validating the results obtained, and it is also one of the most updated studies.",2022,2022-11-03,article,en,28,75,True,gold,Sustainability,journal,Lorena Espina-Romero; Jesús Manuel Guerrero Alcedo,Universidad Científica del Sur; Universidad San Ignacio de Loyola,pe,1,0,Big Data and Business Intelligence; Scientific Research and Technology,Digitization; Scopus; Government (linguistics); Business model; Big data; Data science; Cultural heritage; Computer science; Engineering; Business; Political science; Data mining; Marketing; MEDLINE; Computer vision; Philosophy; Linguistics; Law,,,artificial intelligence; machine learning; deep learning,3,pe,v1,2026-08-13
https://openalex.org/W4280496170,https://doi.org/10.3390/s22103749,Group Emotion Detection Based on Social Robot Perception,"Social robotics is an emerging area that is becoming present in social spaces, by introducing autonomous social robots. Social robots offer services, perform tasks, and interact with people in such social environments, demanding more efficient and complex Human-Robot Interaction (HRI) designs. A strategy to improve HRI is to provide robots with the capacity of detecting the emotions of the people around them to plan a trajectory, modify their behaviour, and generate an appropriate interaction with people based on the analysed information. However, in social environments in which it is common to find a group of persons, new approaches are needed in order to make robots able to recognise groups of people and the emotion of the groups, which can be also associated with a scene in which the group is participating. Some existing studies are focused on detecting group cohesion and the recognition of group emotions; nevertheless, these works do not focus on performing the recognition tasks from a robocentric perspective, considering the sensory capacity of robots. In this context, a system to recognise scenes in terms of groups of people, to then detect global (prevailing) emotions in a scene, is presented. The approach proposed to visualise and recognise emotions in typical HRI is based on the face size of people recognised by the robot during its navigation (face sizes decrease when the robot moves away from a group of people). On each frame of the video stream of the visual sensor, individual emotions are recognised based on the Visual Geometry Group (VGG) neural network pre-trained to recognise faces (VGGFace); then, to detect the emotion of the frame, individual emotions are aggregated with a fusion method, and consequently, to detect global (prevalent) emotion in the scene (group of people), the emotions of its constituent frames are also aggregated. Additionally, this work proposes a strategy to create datasets with images/videos in order to validate the estimation of emotions in scenes and personal emotions. Both datasets are generated in a simulated environment based on the Robot Operating System (ROS) from videos captured by robots through their sensory capabilities. Tests are performed in two simulated environments in ROS/Gazebo: a museum and a cafeteria. Results show that the accuracy in the detection of individual emotions is 99.79% and the detection of group emotion (scene emotion) in each frame is 90.84% and 89.78% in the cafeteria and the museum scenarios, respectively.",2022,2022-05-14,article,en,30,79,True,gold,Sensors,journal,Marco Quiroz; Raquel Patiño; José Díaz-Amado; Yudith Cardinale,Instituto Federal da Bahia; Universidad Católica San Pablo; Valencian International University,br; es; pe,3,1,Social Robot Interaction and HRI; Emotion and Mood Recognition; Face recognition and analysis,Robot; Artificial intelligence; Social robot; Perception; Cohesion (chemistry); Computer science; Human–computer interaction; Social group; Context (archaeology); Robotics; Group cohesiveness; Psychology; Mobile robot; Social psychology; Robot control; Geography; Archaeology; Neuroscience; Organic chemistry; Chemistry,,,neural network,1,pe,v1,2026-08-13
https://openalex.org/W4405399869,https://doi.org/10.1007/978-981-97-7710-5_58,The Role of Artificial Intelligence and Pattern Recognition in the Authentication and Analysis of Historical Documents: A Literature Review,,2024,2024-01-01,conference-paper,en,4,15,False,closed,Lecture notes in networks and systems,book series,Alfonso Renato Vargas-Murillo; Abel Fernando Sotelo-Calderon; Juan Luis Gómez-Zegarra; Luis Roberto Zegarra-Ponce,Jorge Basadre Grohmann National University; Private University of the North,pe,1,0,Handwritten Text Recognition Techniques; Image Processing and 3D Reconstruction; Digital Media Forensic Detection,Authentication (law); Computer science; Artificial intelligence; Cognitive science; Psychology; Computer security,,,artificial intelligence,1,pe,v1,2026-08-13
https://openalex.org/W4367679096,https://doi.org/10.1002/ece3.9987,Application of a deep learning image classifier for identification of Amazonian fishes,"Abstract Given the sharp increase in agricultural and infrastructure development and the paucity of widespread data available to support conservation management decisions, a more rapid and accurate tool for identifying fish fauna in the world's largest freshwater ecosystem, the Amazon, is needed. Current strategies for identification of freshwater fishes require high levels of training and taxonomic expertise for morphological identification or genetic testing for species recognition at a molecular level. To overcome these challenges, we built an image masking model (U‐Net) and a convolutional neural net (CNN) to classify Amazonian fish in photographs. Fish used to generate training data were collected and photographed in tributaries in seasonally flooded forests of the upper Morona River valley in Loreto, Peru in 2018 and 2019. Species identifications in the training images ( n = 3068) were verified by expert ichthyologists. These images were supplemented with photographs taken of additional Amazonian fish specimens housed in the ichthyological collection of the Smithsonian's National Museum of Natural History. We generated a CNN model that identified 33 genera of fishes with a mean accuracy of 97.9%. Wider availability of accurate freshwater fish image recognition tools, such as the one described here, will enable fishermen, local communities, and citizen scientists to more effectively participate in collecting and sharing data from their territories to inform policy and management decisions that impact them directly.",2023,2023-05-01,article,en,15,55,True,gold,Ecology and Evolution,journal,Alexander J. Robillard; Michael Trizna; Morgan Ruiz‐Tafur; Edgard Leonardo Dávila Panduro; Carlos David de Santana; Alexander E. White; Rebecca B. Dikow; Jessica L. Deichmann,Conservation Biology Institute; Instituto de Investigaciones de la Amazonía Peruana; National Museum of Natural History; National Zoological Park; Smithsonian Conservation Biology Institute; Smithsonian Institution; Smithsonian Libraries; University of Maryland Center for Environmental Science,pe; us,2,1,"Fish biology, ecology, and behavior; Identification and Quantification in Food; Fish Ecology and Management Studies",Amazonian; Geography; Amazon rainforest; Identification (biology); Convolutional neural network; Fishery; Freshwater fish; Fish <Actinopterygii>; Freshwater ecosystem; Cartography; Ecology; Ecosystem; Artificial intelligence; Computer science; Biology,,,deep learning; convolutional,2,pe,v1,2026-08-13
https://openalex.org/W4386367335,https://doi.org/10.5281/zenodo.8308464,Machine Learning for UAV and Ground-Captured Imagery: Toward Standard Practices,"Our collaborative work began in 2019 with the intent to overcome obstacles that had arisen from the inability to access curated artifact collections from remote locations. It was our specific aim to not only create digital twins of excavated objects that could not be exported out of their country of origin, but also to emphasize the contextual associations of objects residing in hidden museum collections using a range of digital techniques. As part of a growing field project in 2022, machine learning (ML) with YOLOv5, a family of compound-scaled object detection models trained on the COCO dataset was used to classify visual data and advance our understanding of in situ archaeological phenomena prior to destructive fieldwork. While not the sole contribution, the use of object-based machine learning improved quality and range of information obtained in non-destructive site surveys and improved data sharing capacity. Despite challenges encountered while training the algorithm and classifying objects, combining ML with drone data collection will continue as part of our long-term spatial data recording procedure. Despite both success and failures reported here, this work contributes to greater standardization of ML techniques in archaeological practice.Our collaborative work began in 2019 with the intent to overcome obstacles that had arisen from the inability to access curated artifact collections from remote locations. It was our specific aim to not only create digital twins of excavated objects that could not be exported out of their country of origin, but also to emphasize the contextual associations of objects residing in hidden museum collections using a range of digital techniques. As part of a growing field project in 2022, machine learning (ML) with YOLOv5, a family of compound-scaled object detection models trained on the COCO dataset was used to classify visual data and advance our understanding of in situ archaeological phenomena prior to destructive fieldwork. While not the sole contribution, the use of object-based machine learning improved quality and range of information obtained in non-destructive site surveys and improved data sharing capacity. Despite challenges encountered while training the algorithm and classifying objects, combining ML with drone data collection will continue as part of our long-term spatial data recording procedure. Despite both success and failures reported here, this work contributes to greater standardization of ML techniques in archaeological practice.",2023,2023-09-01,conference-paper,en,0,0,True,green,Zenodo (CERN European Organization for Nuclear Research),repository,Kayeleigh Sharp; Brooklyn Christofis; Upesh Nepal; Hossein Eslamiat; Carlos Osores Mendives,Northern Arizona University; Pontificia Universidad Católica del Perú; San Diego State University; Southern Illinois University Carbondale,pe; us,2,1,Advanced Neural Network Applications; Brain Tumor Detection and Classification,Computer science; Artificial intelligence; Remote sensing; Computer vision; Machine learning; Geology,,,machine learning,1,pe,v1,2026-08-13
https://openalex.org/W4406259966,https://doi.org/10.60001/ae.n48.20,Inteligência artificial nos museus: novas possibilidades para a pesquisa de acervos,"Este artigo tem como objetivo introduzir profissionais de museus nas novas possibilidades de pesquisa de acervo impulsionadas pela inteligência artificial. Para isso, faz breve introdução sobre conceitos-chave, como inteligência artificial, machine learning, deep learning, big data. Em seguida, trata das possibilidades de pesquisa e, por fim, apresenta alguns exemplos de instituições que jáincorporaram, de algum modo, os novos modelos inteligentes. Palavras-chave: Pesquisa em acervo. Inteligência artificial. Aprendizado das máquinas. Big data. Aprendizado profundo. AbstractThis article aims to introduce museum professionals to new possibilities for collection research driven by artificial intelligence. To do this, it gives a brief introduction to key concepts, such as artificial intelligence, machine learning, deep learning, big data. Next, it discusses research possibilities and, finally, it presents some examples of institutions that have already incorporated, in someway, the new intelligent models. Keywords: Collection research. Artificial intelligence. Machine learning. Big data. Deep learning.",2025,2025-01-10,article,pt,1,0,True,diamond,arte e ensaios,journal,Victor Tuon Murari,Universidad San Pedro,pe,1,0,Museums and Cultural Heritage; 3D Surveying and Cultural Heritage; Archaeology and Cultural Heritage,Art,,,artificial intelligence; machine learning; deep learning,3,pe,v1,2026-08-13
https://openalex.org/W4386370560,https://doi.org/10.5281/zenodo.8307613,Machine Learning for UAV and Ground-Captured Imagery: Toward Standard Practices,"Our collaborative work began in 2019 with the intent to overcome obstacles that had arisen from the inability to access curated artifact collections from remote locations. It was our specific aim to not only create digital twins of excavated objects that could not be exported out of their country of origin, but also to emphasize the contextual associations of objects residing in hidden museum collections using a range of digital techniques. As part of a growing field project in 2022, machine learning (ML) with YOLOv5, a family of compound-scaled object detection models trained on the COCO dataset was used to classify visual data and advance our understanding of <em>in situ</em> archaeological phenomena prior to destructive fieldwork. While not the sole contribution, the use of object-based machine learning improved quality and range of information obtained in non-destructive site surveys and improved data sharing capacity. Despite challenges encountered while training the algorithm and classifying objects, combining ML with drone data collection will continue as part of our long-term spatial data recording procedure. Despite both success and failures reported here, this work contributes to greater standardization of ML techniques in archaeological practice.",2023,2023-09-01,conference-paper,en,0,0,True,green,Zenodo (CERN European Organization for Nuclear Research),repository,Kayeleigh Sharp; Brooklyn Christofis; Upesh Nepal; Hossein Eslamiat; Carlos Osores Mendives,Northern Arizona University; Pontificia Universidad Católica del Perú; San Diego State University; Southern Illinois University Carbondale,pe; us,2,1,Advanced Neural Network Applications; Brain Tumor Detection and Classification,Computer science; Artificial intelligence; Remote sensing; Computer vision; Human–computer interaction; Geology,,,machine learning,1,pe,v1,2026-08-13
https://openalex.org/W7138051270,https://doi.org/10.1002/arp.70033,"Prospecting of Architectural Features Using LiDAR‐UAV Technology, Deep Neural Networks and Visualization Techniques: A Case Study in Kuélap and Cambolín (NW Peru)","ABSTRACT High‐resolution and accurate synoptic images of terrestrial topography, even in densely forested areas, have proven valuable for archaeology by enabling the identification and characterization of relief patterns associated with ancient human activities. This study presents a novel approach that integrates digital terrain models (DTMs) obtained through airborne laser scanning (ALS) from a drone, along with advanced visualization techniques (VTs) based on computer vision algorithms, evaluated using objective performance metrics. The research was conducted at the archaeological sites of Kuélap and Cambolín, belonging to the Chachapoyas culture in the Amazonas region, north‐western Peru. Seventeen VTs were applied to a DTM derived from ALS with a resolution of 0.5 m. Additionally, the mask region‐convolutional neural network (Mask R‐CNN) model in ArcGIS Pro was used for the automatic detection and segmentation of architectural features. The results indicate that the colour relief image map (CRIM) VT achieved the highest average precision score, reaching 71.89% in Kuélap and 43.54% in Cambolín. The model detected a total of 137 out of 185 reference structures in Kuélap and 53 out of 73 in Cambolín. The combination of VTs and deep learning supports archaeological prospection in areas with dense vegetation and complex topography, serving as a complementary tool to manual interpretation in the study of Chachapoya settlements.",2026,2026-03-16,article,en,0,57,True,hybrid,Archaeological Prospection,journal,Jhon A. Zabaleta‐Santisteban; Rolando Salas López; Angel J. Medina‐Medina; Katerin M. Tuesta‐Trauco; Abner S. Rivera‐Fernandez; Nerci M. Noriega‐Salazar; José A. Sánchez‐Vega; Teodoro B. Silva‐Melendez; Marlen A. Grandez‐Alberca; Jhonsy O. Silva‐López; Nilton B. Rojas‐Briceño; Manuel Oliva‐Cruz; Alexander Cotrina‐Sanchez; Elgar Barboza,National University Toribio Rodríguez de Mendoza; Universidad Nacional de Moquegua,pe,1,0,Archaeological Research and Protection; 3D Surveying and Cultural Heritage; Archaeology and ancient environmental studies,Terrain; Visualization; Artificial intelligence; Digital elevation model; Computer science; Remote sensing; Segmentation; Prospecting; Artificial neural network; Deep learning; Prospection; Geology; Identification (biology); Computer vision; Lidar; Vegetation (pathology); Raised-relief map; Image segmentation; Archaeology; High resolution; Feature (linguistics); Pattern recognition (psychology); Cartography; Photogrammetry; Image resolution; Data visualization; Deep neural networks; Convolutional neural network,,,deep learning; neural network; computer vision; convolutional,4,pe,v1,2026-08-13
https://openalex.org/W7119706605,https://doi.org/10.17632/7vb89k93jn.3,CHINTEXDB-PERU28,"The dataset contains 1,358 annotated images of Chinchero textiles with 28 classes of cultural motifs. Each image includes YOLO-format labels identifying traditional patterns, enabling machine learning applications in cultural heritage preservation and computer vision analysis.",2026,2026-01-09,dataset,,0,0,True,green,Mendeley Data,repository,Gabriela Farfan Enriquez; Ruben Ancco Peralta,National University of Saint Anthony the Abbot in Cuzco,pe,1,0,,Artificial intelligence; Computer science; Computer vision; Cultural heritage; Image processing; Image (mathematics); Visualization; Computer graphics (images); Machine vision; Image segmentation,,,machine learning; computer vision,2,pe,v1,2026-08-13
https://openalex.org/W7119486602,https://doi.org/10.17632/7vb89k93jn.2,CHINTEXDB-PERU28,"The dataset contains 1,358 annotated images of Chinchero textiles with 28 classes of cultural motifs. Each image includes YOLO-format labels identifying traditional patterns, enabling machine learning applications in cultural heritage preservation and computer vision analysis.",2026,2026-01-08,dataset,,0,0,True,green,Mendeley Data,repository,Gabriela Farfan Enriquez; Ruben Ancco Peralta,National University of Saint Anthony the Abbot in Cuzco,pe,1,0,,Artificial intelligence; Computer science; Computer vision; Cultural heritage; Image processing; Image (mathematics); Visualization; Computer graphics (images); Machine vision; Image segmentation,,,machine learning; computer vision,2,pe,v1,2026-08-13
https://openalex.org/W4410499406,https://doi.org/10.59490/dgo.2025.938,Digital Governance and Institutional Challenges in Rural Heritage Restoration,"This study aims to analyze the challenges faced by local governments in the preservation and restoration of rural historical buildings in Peru, using the Caqui Hacienda in the Chancay Valley as a representative case. It is proposed that the rigidity of Peruvian regulations on cultural heritage, combined with the limited technical and budgetary capacity of local administrations, represents a significant obstacle to the recovery of these properties. Additionally, other barriers are identified, such as the weak implementation of digital governance, lack of institutional coordination, and limited availability of accessible digital platforms for citizens. Through an exploratory qualitative approach that combines historical analysis, regulatory review, field observation, and surveys of public works professionals, the study seeks to evaluate how the adoption of technological tools and the modernization of public policies could contribute to a more efficient, transparent, and sustainable management of cultural heritage. The expected results aim to provide evidence on the need for regulatory reforms and institutional strengthening and to propose the use of emerging technologies, such as artificial intelligence, in the monitoring and restoration processes of historical heritage in rural contexts.",2025,2025-05-19,conference-paper,en,0,0,True,hybrid,Conference on Digital Government Research,journal,Oscar Miranda-Hospinal; David Valle-Cruz; Carlos Cuadra,Akita Prefectural University; National University of Engineering; Universidad Autónoma del Estado de México,jp; mx; pe,3,1,Cultural Heritage Management and Preservation,Corporate governance; Political science; Environmental planning; Business; Geography; Finance,,,artificial intelligence,1,pe,v1,2026-08-13
https://openalex.org/W7160771217,https://doi.org/10.1016/j.dib.2026.112835,"CHINTEXDB-PERU28: A unique dataset of traditional textile iconographies from Chinchero, Peru for cultural preservation and image recognition","This dataset was collected during on-site fieldwork conducted in the district of Chinchero, located in the province of Urubamba, Cusco, Peru, a region internationally recognized for its rich Andean textile tradition rooted in Inca Culture heritage. The dataset comprises high-quality Photographic images of traditional handwoven Andean textile iconographies produced by local artisan communities. These images were captured directly at textile centers where the fabrics are woven, dyed and finished using ancestral techniques measuring authentic representation of colors, textures, and symbolic patterns under natural and controlled conditions. The dataset consists of 1358 images organized into 28 distinct classes, each corresponding to a specific textile iconography characteristic of the Chinchero tradition. The images are provided in a processed and curated format, facilitating organization enables systematic analysis of visual motifs that are often challenging to distinguish due to their intricate geometric patterns and cultural symbolism. The primary reuse potential of this dataset lies in its application to Artificial Intelligence (AI) and Machine Learning (ML) research focused on image classification, pattern recognition, and cultural heritage preservation. Researchers can leverage the dataset to develop and evaluate models capable of identifying and differentiating traditional Andean textile iconographies, addressing the growing difficulty faced by younger generations, local communities, and visitors in recognizing the cultural expressions. Additionally, the dataset supports interdisciplinary research in digital humanities, ethnography, textile studies, and cultural informatics contributing to the documentation and preservation of intangible cultural heritage. By making this dataset publicly available, this work aims to support the development of AI-driven tools for cultural preservation, educational applications, and heritage awareness, while fostering collaboration between researchers, technologists, and local artisan communities to safeguard ancestral knowledge for future generations.",2026,2026-05-10,data-paper,en,0,3,True,gold,Data in Brief,journal,Gabriela Farfan Enriquez; Ruben Ancco Peralta; Edwin Jonathan Escobedo Cárdenas; Hernán Nina Hanco; Lauro Enciso Rodas; Carlos Fernando Montoya Cubas,National University of Engineering; National University of Saint Anthony the Abbot in Cuzco; Universidad de Lima,pe,1,0,Image Processing and 3D Reconstruction; Aesthetic Perception and Analysis; Cultural Heritage Materials Analysis,Visual arts; Textile; Computer science; Textile design; Cultural heritage; Image (mathematics); Research article; Artificial intelligence; History; Geography; World Wide Web; Art,,,artificial intelligence; machine learning,2,pe,v1,2026-08-13
https://openalex.org/W7125902260,https://doi.org/10.22564/brjg.v43i2.2343,"Impact Assessment of Infrastructures Exposure to Weak Motion Vibrations in Arequipa, Peru","Being an important economic and industrial hub, Arequipa is the second most populous city in Peru, with over one million inhabitants. Within its metropolitan area, high-amplitude vibrations are generated by heavy construction machinery as well as by urban and commercial transportation. These vibrations pose a potential risk of damage to both urban and archaeological infrastructures. To assess possible structural impacts, vibration measurements were collected at significant sites and analyzed according to the DIN 4150- 3 standard. Ground vibrations attenuation was evaluated using the Levenberg-Marquardt inversion method. Regression adjustment models were developed, and the analysis of geometric and material damping coefficients was automated with the application of neural network algorithms, in areas with lower data density. The results indicate that vibrations caused by heavy machinery can damage sensitive or residential structures, as the peak particle velocity (PPV) exceeded 20 mm/s in these cases. However, for sources such as vehicular traffic on bridges and railway transport, the PPV only exceeded 10 mm/s. Attenuation analysis revealed that maximum particle velocity decreases with increasing distance from the source, and that the strongest damping occurs in the vertical component. Geometric damping (γ) values ranged from 0.1 to 1.65, and material damping (α) values ranged from 0.001 to 0.03 for the various sources evaluated. In cohesive soils, wave propagation is faster, which reduces tension in the foundations, whereas in sandy-silty soils, slower propagation increases the tension transmitted to the foundations. This research also aims to lay the foundation for the development of Peruvian regulations framework to assess structural damage caused by anthropogenic vibrations, since there are no existing regulations governing these effects on buildings. This study can help propose guidelines for the city of Arequipa.",2025,2025-09-13,article,,0,0,True,diamond,Brazilian Journal of Geophysics,journal,Jesùs Sànchez; Lady Diana Quispe Torres; Ema Milagros Ticona Quispe; Cristobal Condori Quispe; Yawar Hussain; Armando Adolfo Minaya Lizárraga; Javier Roberto Ticona Paucara; George Sand França,Hospital Universitário da Universidade de São Paulo; The University of Texas at Dallas; Universidad Nacional de San Agustin de Arequipa,br; pe; us,3,1,Railway Engineering and Dynamics; Structural Engineering and Vibration Analysis; Seismic Waves and Analysis,Vibration; Attenuation; Environmental science; Metropolitan area; Ground vibrations; Tension (geology); Structural engineering; Urban environment; Particle velocity; Urban area; Geotechnical engineering; Ground motion; Strong ground motion; Geology; Engineering; Inversion (geology); Impact assessment; Risk assessment; Forensic engineering; Seismic risk; Seismology; Impact,,,neural network,1,pe,v1,2026-08-13
https://openalex.org/W4415121650,https://doi.org/10.1209/0295-5075/ae1253,Core-periphery patterns in knowledge graphs reveal digital visibility hierarchies of South American languages,"Abstract We analyze the digital representation of indigenous South American languages through a statistical-physics perspective, applying onion decomposition to a semantically enriched knowledge graph built from Wikipedia, Wikidata, and Glottolog. This multi-scale method reveals a pronounced core-periphery hierarchy with three distinct regions: i) a compact core of highly connected languages dominating digital visibility, ii) intermediate layers with strong family-level clustering, and iii) a sparse periphery of linguistically isolated languages. Quantitatively, core languages have, on average, ten times the degree of peripheral ones and are seven times more likely to possess complete genealogical metadata. The results provide measurable evidence of systemic biases in the digital documentation of cultural heritage. Beyond diagnosis, the analysis identifies strategic targets for intervention: intermediate-layer languages as potential bridges to enhance peripheral visibility, and completely isolated cases as priorities for urgent preservation. This approach offers a transferable framework for quantifying representational inequalities in cultural knowledge systems.",2025,2025-10-01,article,en,0,11,False,closed,Europhysics Letters (EPL),journal,Javier Vera Lillo; Dina Cornejo Meza,Universidad Continental; Universidad Tecnológica del Perú,pe,1,0,Spanish Linguistics and Language Studies; Natural Language Processing Techniques,Hierarchy; Computer science; Representation (politics); Core (optical fiber); Knowledge graph; Knowledge representation and reasoning; Documentation; Graph; Cultural knowledge; Artificial intelligence; Natural language processing; Indigenous; Decomposition; Visibility; Geography; World Wide Web; Linguistics; Traditional knowledge; Inequality,,,knowledge graph,1,pe,v1,2026-08-13
https://openalex.org/W7167469332,https://doi.org/10.3390/su18136861,"Towards Tourism 5.0 in Colombia: Opportunities, Challenges and Strategic Pathways Enabled by Artificial Intelligence and 5G/6G Networks","Colombia, renowned for its biodiversity and cultural heritage, is positioning itself as a future leader in sustainable and immersive tourism under the national vision “Colombia, a global powerhouse of life.” This article examines the potential transformation of the tourism ecosystem through the integration of artificial intelligence (AI) with advanced 5G and emerging 6G networks. The objective of this study is to analyse the tourism landscape in Colombia, with the aim of understanding how improved connectivity could strengthen the country’s tourism ecosystem. In the first phase, a literature review was conducted using the PRISMA methodology, supplemented by a documentary analysis of Colombia’s legal frameworks and policy instruments. In the second phase, the research encompassed the analysis of scientific publications, technical reports, and national documents produced between 2020 and 2025. The results of this exercise are presented through analytical matrices that outline technological possibilities, regulatory frameworks, and sociocultural impacts, and identify opportunities, challenges, and strategic pathways for the implementation of Tourism 5.0 in Colombia. The main conclusions are that the transition to Tourism 5.0 requires a coordinated national roadmap that prioritises high-value use cases, promotes territorial inclusion, and leverages 5G-/6G-enabled solutions to support sustainable development in the tourism sector.",2026,2026-07-06,article,en,0,42,True,gold,Sustainability,journal,Andrés Solano-Barliza; Wilson Arrubla-Hoyos; Adelaida del Carmen Ojeda Beltrán; Dora Cama-Pinto; Francisco M. Arrabal‐Campos; Alejandro Cama-Pinto,National University of San Marcos; Universidad de Granada; University of Almería; University of Atlántico; University of La Guajira; University of Sucre; University of the Coast,co; es; pe,3,1,Communication and COVID-19 Impact; Smart Cities and Technologies; Educational and Organizational Development,Tourism; Sociocultural evolution; Tourism geography; Business; Sustainable development; Sustainable tourism; Ecotourism; Cultural heritage; Knowledge management; Environmental resource management; Environmental planning; Strategic planning; Management science; Ecosystem services; Political science; Regional science; Marketing; Process management; Big data,,,artificial intelligence,1,pe,v1,2026-08-13
https://openalex.org/W4388947278,https://doi.org/10.1109/intercon59652.2023.10326073,Neural Rendering in the Cloud with Tensor Processing Unit,"Neural Rendering, an intersection of computer graphics techniques and machine learning, has a significant impact on the generation of hyperrealistic content. This research advocates for the application of scalable, cloud-based digitization techniques within the realms of academia and culture to create sustainable models that can be efficiently preserved in minimal storage spaces, using on-demand free resources. This work introduces a Scalable Cloud-based Neural Rendering Prototype System (NRPS) powered by TPUs, made possible by the TPU Research Cloud (TRC) program. It was evaluated across three distinct architectures: (1) TPU VM, (2) TPU Node, and (3) TPU Node with GKE. The performance of the NRPS was assessed using images from the cultural heritage of Puno. The results demonstrate that the NRPS functions efficiently when employing TPUs in a scalable manner while minimizing CPU and RAM costs, particularly when utilizing the TPU Node architecture with GKE. The TPU Node architecture with GKE showcased superior scalability while requiring minimal VM resources, albeit with a 50% reduction in production capacity and a 120% increase in processing time, resulting in a daily production capacity of 1440 models. This research concludes that the TPU VM architecture is suitable for experimental production or scenarios requiring quick access to results, whereas the TPU Node with GKE is well-suited for scalable production. Furthermore, this work highlights the untapped potential of emerging technologies in enhancing academic research and cultural preservation, with a focus on efficiency and sustainability.",2023,2023-11-02,conference-paper,en,0,21,False,closed,,,Jean Pierre Soto-Chirinos; Henry Iván Condori-Alejo; Guina Sotomayor Alzamora,Universidad Nacional del Altiplano,pe,1,0,Computer Graphics and Visualization Techniques; Generative Adversarial Networks and Image Synthesis; 3D Shape Modeling and Analysis,Computer science; Scalability; Cloud computing; Rendering (computer graphics); Architecture; Computer architecture; Operating system; Artificial intelligence; Visual arts; Art,,,machine learning,1,pe,v1,2026-08-13
