pais,codigo,corpus_A_patrimonio,corpus_B_IA_patrimonio,tasa_IA_pct,tasa_IA_ic_inf,tasa_IA_ic_sup,colab_intl_n,colab_intl_base,colab_intl_pct,colab_intl_ic_inf,colab_intl_ic_sup,sin_afiliacion_pais_pct,citas_medianas,citas_medias,acceso_abierto_pct,articulos_pct,congresos_pct,A_sin_resumen_pct
China,cn,18326,1369,7.5,7.1,7.9,314,1369,22.9,20.8,25.2,0.0,1,6.0,64.6,58.6,33.5,21.3
India,in,6957,412,5.9,5.4,6.5,71,412,17.2,13.9,21.2,0.0,1,6.0,45.1,44.9,43.2,23.6
Grecia,gr,4528,191,4.2,3.7,4.8,56,191,29.3,23.3,36.1,0.0,3,10.7,77.0,52.9,25.7,26.9
Italia,it,20404,643,3.2,2.9,3.4,220,643,34.2,30.7,38.0,0.0,3,14.2,76.2,54.1,26.0,25.5
Japón,jp,4117,126,3.1,2.6,3.6,67,126,53.2,44.5,61.7,0.0,1,7.1,59.5,53.2,34.1,22.3
Perú,pe,867,19,2.2,1.4,3.4,10,19,52.6,31.7,72.7,0.0,4,14.9,68.4,52.6,42.1,20.6
Egipto,eg,2963,52,1.8,1.3,2.3,18,52,34.6,23.2,48.2,0.0,1,5.6,67.3,63.5,25.0,12.9
Francia,fr,15264,270,1.8,1.6,2.0,159,270,58.9,52.9,64.6,0.0,2,11.0,71.1,50.7,24.8,19.0
Reino Unido,gb,27418,389,1.4,1.3,1.6,247,389,63.5,58.6,68.1,0.0,3,12.1,80.5,64.5,15.4,17.7
