pais,codigo,anio,n_A,n_B,tasa_IA_pct,tasa_IA_ic_inf,tasa_IA_ic_sup
China,cn,2015,892,3,0.3,0.1,1.0
China,cn,2016,545,4,0.7,0.3,1.9
China,cn,2017,641,9,1.4,0.7,2.6
China,cn,2018,843,16,1.9,1.2,3.1
China,cn,2019,842,20,2.4,1.5,3.6
China,cn,2020,1153,31,2.7,1.9,3.8
China,cn,2021,1402,59,4.2,3.3,5.4
China,cn,2022,1758,109,6.2,5.2,7.4
China,cn,2023,2396,182,7.6,6.6,8.7
China,cn,2024,3129,286,9.1,8.2,10.2
China,cn,2025,4725,650,13.8,12.8,14.8
Egipto,eg,2015,85,0,0.0,0.0,4.3
Egipto,eg,2016,134,0,0.0,0.0,2.8
Egipto,eg,2017,158,1,0.6,0.1,3.5
Egipto,eg,2018,209,0,0.0,0.0,1.8
Egipto,eg,2019,252,1,0.4,0.1,2.2
Egipto,eg,2020,270,1,0.4,0.1,2.1
Egipto,eg,2021,329,2,0.6,0.2,2.2
Egipto,eg,2022,413,7,1.7,0.8,3.5
Egipto,eg,2023,349,8,2.3,1.2,4.5
Egipto,eg,2024,393,14,3.6,2.1,5.9
Egipto,eg,2025,371,18,4.9,3.1,7.5
Francia,fr,2015,976,5,0.5,0.2,1.2
Francia,fr,2016,1295,2,0.2,0.0,0.6
Francia,fr,2017,1247,10,0.8,0.4,1.5
Francia,fr,2018,1429,16,1.1,0.7,1.8
Francia,fr,2019,1427,18,1.3,0.8,2.0
Francia,fr,2020,1493,16,1.1,0.7,1.7
Francia,fr,2021,1524,41,2.7,2.0,3.6
Francia,fr,2022,1451,30,2.1,1.5,2.9
Francia,fr,2023,1542,42,2.7,2.0,3.7
Francia,fr,2024,1390,41,2.9,2.2,4.0
Francia,fr,2025,1490,49,3.3,2.5,4.3
Reino Unido,gb,2015,1847,8,0.4,0.2,0.9
Reino Unido,gb,2016,2107,4,0.2,0.1,0.5
Reino Unido,gb,2017,2147,14,0.7,0.4,1.1
Reino Unido,gb,2018,2541,14,0.6,0.3,0.9
Reino Unido,gb,2019,2314,21,0.9,0.6,1.4
Reino Unido,gb,2020,2717,19,0.7,0.4,1.1
Reino Unido,gb,2021,2383,40,1.7,1.2,2.3
Reino Unido,gb,2022,2525,53,2.1,1.6,2.7
Reino Unido,gb,2023,2733,44,1.6,1.2,2.2
Reino Unido,gb,2024,2769,62,2.2,1.8,2.9
Reino Unido,gb,2025,3335,110,3.3,2.7,4.0
Grecia,gr,2015,235,1,0.4,0.1,2.4
Grecia,gr,2016,245,1,0.4,0.1,2.3
Grecia,gr,2017,320,4,1.2,0.5,3.2
Grecia,gr,2018,390,5,1.3,0.5,3.0
Grecia,gr,2019,403,11,2.7,1.5,4.8
Grecia,gr,2020,410,11,2.7,1.5,4.7
Grecia,gr,2021,459,15,3.3,2.0,5.3
Grecia,gr,2022,488,35,7.2,5.2,9.8
Grecia,gr,2023,512,37,7.2,5.3,9.8
Grecia,gr,2024,460,28,6.1,4.2,8.7
Grecia,gr,2025,606,43,7.1,5.3,9.4
India,in,2015,246,1,0.4,0.1,2.3
India,in,2016,279,3,1.1,0.4,3.1
India,in,2017,301,6,2.0,0.9,4.3
India,in,2018,340,5,1.5,0.6,3.4
India,in,2019,399,9,2.3,1.2,4.2
India,in,2020,463,11,2.4,1.3,4.2
India,in,2021,600,26,4.3,3.0,6.3
India,in,2022,621,24,3.9,2.6,5.7
India,in,2023,802,70,8.7,7.0,10.9
India,in,2024,1170,89,7.6,6.2,9.3
India,in,2025,1736,168,9.7,8.4,11.2
Italia,it,2015,1125,7,0.6,0.3,1.3
Italia,it,2016,1297,12,0.9,0.5,1.6
Italia,it,2017,1453,18,1.2,0.8,1.9
Italia,it,2018,1642,18,1.1,0.7,1.7
Italia,it,2019,1710,39,2.3,1.7,3.1
Italia,it,2020,1988,53,2.7,2.0,3.5
Italia,it,2021,2025,64,3.2,2.5,4.0
Italia,it,2022,1961,79,4.0,3.2,5.0
Italia,it,2023,2342,90,3.8,3.1,4.7
Italia,it,2024,2257,110,4.9,4.1,5.8
Italia,it,2025,2604,153,5.9,5.0,6.8
Japón,jp,2015,290,1,0.3,0.1,1.9
Japón,jp,2016,263,2,0.8,0.2,2.7
Japón,jp,2017,303,3,1.0,0.3,2.9
Japón,jp,2018,315,3,1.0,0.3,2.8
Japón,jp,2019,326,7,2.1,1.0,4.4
Japón,jp,2020,393,10,2.5,1.4,4.6
Japón,jp,2021,411,6,1.5,0.7,3.1
Japón,jp,2022,417,14,3.4,2.0,5.6
Japón,jp,2023,399,15,3.8,2.3,6.1
Japón,jp,2024,411,26,6.3,4.4,9.1
Japón,jp,2025,589,39,6.6,4.9,8.9
Perú,pe,2015,43,0,0.0,0.0,8.2
Perú,pe,2016,34,0,0.0,0.0,10.2
Perú,pe,2017,36,0,0.0,0.0,9.6
Perú,pe,2018,71,2,2.8,0.8,9.7
Perú,pe,2019,64,0,0.0,0.0,5.7
Perú,pe,2020,82,0,0.0,0.0,4.5
Perú,pe,2021,98,2,2.0,0.6,7.1
Perú,pe,2022,72,4,5.6,2.2,13.4
Perú,pe,2023,103,4,3.9,1.5,9.6
Perú,pe,2024,126,3,2.4,0.8,6.8
Perú,pe,2025,138,4,2.9,1.1,7.2
