pais,n,artificial intelligence,machine learning,deep learning,neural network,computer vision,knowledge graph,large language model,natural language processing,generative model,convolutional,transformer model
China,1369,31.8,15.3,29.9,21.3,8.4,8.5,5.2,4.6,1.8,15.2,1.0
Egipto,52,53.8,25.0,25.0,11.5,3.8,0.0,3.8,0.0,0.0,5.8,0.0
Francia,270,25.2,31.5,20.0,23.3,11.1,14.8,1.1,3.7,2.6,10.0,0.0
Reino Unido,389,32.9,41.1,15.4,15.2,10.5,5.7,3.1,7.7,2.1,9.8,0.3
Grecia,191,28.8,31.4,22.5,16.2,11.5,9.4,7.9,3.7,1.0,8.4,0.0
India,412,33.3,26.2,35.9,26.7,13.1,1.2,1.9,7.8,1.5,19.2,0.7
Italia,643,34.4,31.9,19.3,17.0,12.6,7.3,4.8,3.6,1.2,8.2,0.5
Japón,126,19.8,24.6,40.5,15.9,11.9,4.8,3.2,3.2,0.0,6.3,0.0
Perú,19,31.6,36.8,31.6,31.6,5.3,5.3,0.0,5.3,0.0,21.1,0.0
