pais,fuente,n,pct_del_corpus,citas_medianas,tipo
China,npj Heritage Science,46,3.4,4,journal
China,Heritage Science,38,2.8,20,journal
China,Scientific Reports,26,1.9,3,journal
China,Applied Mathematics and Nonlinear Sciences,26,1.9,1,journal
China,Buildings,25,1.8,4,journal
China,Applied Sciences,24,1.8,6,journal
China,Research Square,19,1.4,0,repository
China,IEEE Access,17,1.2,8,journal
China,Sustainability,16,1.2,10,journal
China,SSRN Electronic Journal,16,1.2,0,repository
China,PLoS ONE,15,1.1,3,journal
China,Lecture notes in computer science,14,1.0,1,book series
China,Journal of Physics Conference Series,12,0.9,2,journal
China,Journal of Computational Methods in Sciences and Engineering,12,0.9,1,journal
China,"The international archives of the photogrammetry, remote sensing and spatial information sciences/International archives of the photogrammetry, remote sensing and spatial information sciences",12,0.9,0,journal
Egipto,التصميم الدولية,3,5.8,0,journal
Egipto,"ISPRS annals of the photogrammetry, remote sensing and spatial information sciences",2,3.8,21,journal
Egipto,Applied Sciences,2,3.8,12,journal
Egipto,"Journal of Tourism, Hotels and Heritage",2,3.8,7,journal
Egipto,"Advances in hospitality, tourism and the services industry (AHTSI) book series",2,3.8,5,book series
Egipto,SSRN Electronic Journal,2,3.8,0,repository
Egipto,Electronic workshops in computing,1,1.9,32,journal
Egipto,Archaeometry,1,1.9,17,journal
Egipto,Egyptian Journal of Artificial Intelligence,1,1.9,4,journal
Egipto,International Journal of Artificial Intelligence and Emerging Technology,1,1.9,4,journal
Egipto,Sensors,1,1.9,39,journal
Egipto,International Journal of Advanced Computer Science and Applications,1,1.9,4,journal
Egipto,JES. Journal of Engineering Sciences/JES. Journal of engineering sciences,1,1.9,1,journal
Egipto,"2022 2nd International Mobile, Intelligent, and Ubiquitous Computing Conference (MIUCC)",1,1.9,3,conference
Egipto,Journal of Engineering Research - Egypt/Journal of Engineering Research,1,1.9,1,journal
Francia,HAL (Le Centre pour la Communication Scientifique Directe),20,7.4,0,repository
Francia,Zenodo (CERN European Organization for Nuclear Research),17,6.3,0,repository
Francia,"The international archives of the photogrammetry, remote sensing and spatial information sciences/International archives of the photogrammetry, remote sensing and spatial information sciences",10,3.7,8,journal
Francia,Biodiversity Information Science and Standards,9,3.3,0,journal
Francia,arXiv (Cornell University),7,2.6,1,repository
Francia,Lecture notes in computer science,6,2.2,2,book series
Francia,Sensors,5,1.9,34,journal
Francia,Journal of Cultural Heritage,4,1.5,26,journal
Francia,PLoS ONE,4,1.5,6,journal
Francia,Research Square,4,1.5,1,repository
Francia,bioRxiv (Cold Spring Harbor Laboratory),4,1.5,4,repository
Francia,Multimedia Tools and Applications,4,1.5,2,journal
Francia,theses.fr (ABES),4,1.5,0,repository
Francia,Journal of Archaeological Science Reports,3,1.1,15,journal
Francia,Journal of Computer Applications in Archaeology,3,1.1,23,journal
Reino Unido,Zenodo (CERN European Organization for Nuclear Research),21,5.4,0,repository
Reino Unido,Biodiversity Information Science and Standards,8,2.1,2,journal
Reino Unido,Scientific Reports,7,1.8,12,journal
Reino Unido,Journal of Archaeological Science,6,1.5,13,journal
Reino Unido,Journal on Computing and Cultural Heritage,6,1.5,5,journal
Reino Unido,Lecture notes in computer science,6,1.5,3,book series
Reino Unido,Remote Sensing,5,1.3,41,journal
Reino Unido,bioRxiv (Cold Spring Harbor Laboratory),5,1.3,3,repository
Reino Unido,Journal of Computer Applications in Archaeology,5,1.3,6,journal
Reino Unido,Electronic workshops in computing,4,1.0,11,journal
Reino Unido,Heritage,4,1.0,3,journal
Reino Unido,"The international archives of the photogrammetry, remote sensing and spatial information sciences/International archives of the photogrammetry, remote sensing and spatial information sciences",4,1.0,5,journal
Reino Unido,SSRN Electronic Journal,4,1.0,0,repository
Reino Unido,AI & Society,4,1.0,23,journal
Reino Unido,npj Heritage Science,4,1.0,2,journal
Grecia,Zenodo (CERN European Organization for Nuclear Research),26,13.6,0,repository
Grecia,"The international archives of the photogrammetry, remote sensing and spatial information sciences/International archives of the photogrammetry, remote sensing and spatial information sciences",9,4.7,9,journal
Grecia,Applied Sciences,7,3.7,10,journal
Grecia,"ISPRS annals of the photogrammetry, remote sensing and spatial information sciences",6,3.1,3,journal
Grecia,Remote Sensing,6,3.1,10,journal
Grecia,Heritage,5,2.6,16,journal
Grecia,Electronics,5,2.6,15,journal
Grecia,Journal of Archaeological Science Reports,3,1.6,8,journal
Grecia,Sensors,2,1.0,8,journal
Grecia,Communications in computer and information science,2,1.0,3,book series
Grecia,IEEE Access,2,1.0,11,journal
Grecia,Preprints.org,2,1.0,9,repository
Grecia,ISPRS International Journal of Geo-Information,2,1.0,25,journal
Grecia,F1000Research,2,1.0,3,journal
Grecia,Open MIND,2,1.0,0,repository
India,ShodhKosh Journal of Visual and Performing Arts,36,8.7,0,journal
India,Zenodo (CERN European Organization for Nuclear Research),23,5.6,0,repository
India,International Journal for Research in Applied Science and Engineering Technology,8,1.9,0,journal
India,IEEE Access,5,1.2,20,journal
India,Lecture notes in networks and systems,5,1.2,1,book series
India,SSRN Electronic Journal,5,1.2,0,repository
India,INTERANTIONAL JOURNAL OF SCIENTIFIC RESEARCH IN ENGINEERING AND MANAGEMENT,5,1.2,0,journal
India,SN Computer Science,4,1.0,2,journal
India,Scientific Reports,4,1.0,2,journal
India,Research Square,3,0.7,1,repository
India,Heritage Science,3,0.7,17,journal
India,Multimedia Tools and Applications,3,0.7,2,journal
India,Advances in computational intelligence and robotics book series,3,0.7,0,book series
India,Journal of Civil Structural Health Monitoring,2,0.5,76,journal
India,Algorithms for intelligent systems,2,0.5,3,book series
Italia,"The international archives of the photogrammetry, remote sensing and spatial information sciences/International archives of the photogrammetry, remote sensing and spatial information sciences",51,7.9,12,journal
Italia,FrancoAngeli srl eBooks,26,4.0,0,ebook platform
Italia,Zenodo (CERN European Organization for Nuclear Research),24,3.7,0,repository
Italia,Lecture notes in computer science,19,3.0,2,book series
Italia,Heritage,17,2.6,9,journal
Italia,Remote Sensing,13,2.0,28,journal
Italia,Journal on Computing and Cultural Heritage,11,1.7,7,journal
Italia,Journal of Cultural Heritage,10,1.6,22,journal
Italia,arXiv (Cornell University),9,1.4,0,repository
Italia,"ISPRS annals of the photogrammetry, remote sensing and spatial information sciences",9,1.4,1,journal
Italia,Sensors,9,1.4,21,journal
Italia,Applied Sciences,8,1.2,15,journal
Italia,Virtual Archaeology Review,8,1.2,7,journal
Italia,Digital Library Perspectives,7,1.1,0,journal
Italia,IOP Conference Series Materials Science and Engineering,6,0.9,9,conference
Japón,IEEE Access,4,3.2,14,journal
Japón,Heritage Science,3,2.4,17,journal
Japón,"The international archives of the photogrammetry, remote sensing and spatial information sciences/International archives of the photogrammetry, remote sensing and spatial information sciences",3,2.4,3,journal
Japón,Buildings,3,2.4,4,journal
Japón,Zenodo (CERN European Organization for Nuclear Research),3,2.4,0,repository
Japón,Journal of Asian Architecture and Building Engineering,2,1.6,8,journal
Japón,"ISPRS annals of the photogrammetry, remote sensing and spatial information sciences",2,1.6,3,journal
Japón,npj Heritage Science,2,1.6,4,journal
Japón,Research Square,2,1.6,1,repository
Japón,arXiv (Cornell University),2,1.6,1,repository
Japón,International Journal of Advanced Mechatronic Systems,2,1.6,1,journal
Japón,The Journal of the Society for Art and Science,2,1.6,0,journal
Japón,Multimedia Tools and Applications,2,1.6,0,journal
Japón,Leonardo,2,1.6,0,journal
Japón,Computers in Human Behavior,1,0.8,109,journal
Perú,Sensors,2,10.5,57,journal
Perú,Zenodo (CERN European Organization for Nuclear Research),2,10.5,0,repository
Perú,Eurographics,1,5.3,2,repository
Perú,Computer Animation and Virtual Worlds,1,5.3,7,journal
Perú,Heritage Science,1,5.3,40,journal
Perú,Geomatics and Environmental Engineering,1,5.3,6,journal
Perú,Sustainability,1,5.3,28,journal
Perú,Lecture notes in networks and systems,1,5.3,4,book series
Perú,Ecology and Evolution,1,5.3,15,journal
Perú,arte e ensaios,1,5.3,1,journal
Perú,Conference on Digital Government Research,1,5.3,0,journal
Perú,Brazilian Journal of Geophysics,1,5.3,0,journal
Perú,Europhysics Letters (EPL),1,5.3,0,journal
