pais,codigo,corpus,n,n_con_referente,cobertura_pct,propio,mixto,ajeno,especial,sin_referente,ajeno_excl_pct,ajeno_excl_ic_inf,ajeno_excl_ic_sup,menciona_ajeno_pct,menciona_ajeno_ic_inf,menciona_ajeno_ic_sup,menciona_ajeno_sobre_total_pct
Francia,fr,A,15264,5857,38.4,1551,444,3862,0,9407,65.9,64.7,67.1,73.5,72.4,74.6,28.2
Reino Unido,gb,A,27418,10715,39.1,2854,991,6870,0,16703,64.1,63.2,65.0,73.4,72.5,74.2,28.7
Japón,jp,A,4117,1946,47.3,759,208,979,0,2171,50.3,48.1,52.5,61.0,58.8,63.1,28.8
Italia,it,A,20404,7105,34.8,3908,493,2704,0,13299,38.1,36.9,39.2,45.0,43.8,46.2,15.7
Grecia,gr,A,4528,1607,35.5,1076,186,345,0,2921,21.5,19.5,23.5,33.0,30.8,35.4,11.7
Egipto,eg,A,2963,1476,49.8,1061,101,314,0,1487,21.3,19.3,23.4,28.1,25.9,30.5,14.0
India,in,A,6957,3213,46.2,2244,330,639,0,3744,19.9,18.5,21.3,30.2,28.6,31.8,13.9
China,cn,A,18326,6956,38.0,5286,405,1265,120,11250,18.2,17.3,19.1,24.0,23.0,25.0,9.1
Perú,pe,A,867,506,58.4,381,34,91,0,361,18.0,14.9,21.6,24.7,21.1,28.6,14.4
Francia,fr,B,270,61,22.6,14,7,40,0,209,65.6,53.0,76.3,77.0,65.1,85.8,17.4
Japón,jp,B,126,32,25.4,10,4,18,0,94,56.2,39.3,71.8,68.8,51.4,82.0,17.5
Reino Unido,gb,B,389,116,29.8,35,17,64,0,273,55.2,46.1,63.9,69.8,60.9,77.4,20.8
Italia,it,B,643,123,19.1,67,13,43,0,520,35.0,27.1,43.7,45.5,37.0,54.3,8.7
Egipto,eg,B,52,18,34.6,10,3,5,0,34,27.8,12.5,50.9,44.4,24.6,66.3,15.4
India,in,B,412,81,19.7,61,5,15,0,331,18.5,11.6,28.3,24.7,16.6,35.1,4.9
China,cn,B,1369,254,18.6,209,15,30,8,1107,11.8,8.4,16.4,17.7,13.5,22.9,3.3
Grecia,gr,B,191,36,18.8,30,2,4,0,155,11.1,4.4,25.3,16.7,7.9,31.9,3.1
Perú,pe,B,19,4,21.1,4,0,0,0,15,0.0,0.0,49.0,0.0,0.0,49.0,0.0
