pais,codigo,anio,n,n_con_referente,ajeno_excl_pct,menciona_ajeno_pct
China,cn,2015,892,325,18.5,26.8
China,cn,2016,545,275,17.8,24.7
China,cn,2017,641,290,20.7,28.6
China,cn,2018,843,367,23.2,28.1
China,cn,2019,842,370,21.4,27.8
China,cn,2020,1153,477,24.5,31.7
China,cn,2021,1402,617,19.3,25.3
China,cn,2022,1758,715,15.8,21.5
China,cn,2023,2396,870,15.2,21.4
China,cn,2024,3129,1132,17.1,22.2
China,cn,2025,4725,1518,16.9,21.6
Egipto,eg,2015,85,44,22.7,27.3
Egipto,eg,2016,134,72,27.8,34.7
Egipto,eg,2017,158,80,20.0,31.2
Egipto,eg,2018,209,90,12.2,17.8
Egipto,eg,2019,252,124,19.4,24.2
Egipto,eg,2020,270,123,22.0,26.8
Egipto,eg,2021,329,176,23.3,29.5
Egipto,eg,2022,413,210,17.1,22.9
Egipto,eg,2023,349,191,22.5,27.2
Egipto,eg,2024,393,189,21.2,32.3
Egipto,eg,2025,371,177,26.0,34.5
Francia,fr,2015,976,344,61.9,68.3
Francia,fr,2016,1295,486,57.0,66.9
Francia,fr,2017,1247,461,56.4,67.5
Francia,fr,2018,1429,545,69.9,76.7
Francia,fr,2019,1427,527,63.9,71.9
Francia,fr,2020,1493,521,68.5,74.7
Francia,fr,2021,1524,578,66.8,74.4
Francia,fr,2022,1451,598,68.2,74.7
Francia,fr,2023,1542,615,66.3,72.7
Francia,fr,2024,1390,553,69.3,75.9
Francia,fr,2025,1490,629,71.9,80.3
Reino Unido,gb,2015,1847,696,57.9,69.4
Reino Unido,gb,2016,2107,815,61.3,72.4
Reino Unido,gb,2017,2147,890,62.0,71.1
Reino Unido,gb,2018,2541,900,63.8,74.0
Reino Unido,gb,2019,2314,889,64.2,71.9
Reino Unido,gb,2020,2717,1056,62.8,72.5
Reino Unido,gb,2021,2383,968,66.3,75.3
Reino Unido,gb,2022,2525,1035,68.1,77.0
Reino Unido,gb,2023,2733,1104,64.4,73.0
Reino Unido,gb,2024,2769,1045,63.2,73.2
Reino Unido,gb,2025,3335,1317,67.5,74.9
Grecia,gr,2015,235,70,14.3,28.6
Grecia,gr,2016,245,83,25.3,34.9
Grecia,gr,2017,320,124,17.7,30.6
Grecia,gr,2018,390,113,22.1,29.2
Grecia,gr,2019,403,135,18.5,28.9
Grecia,gr,2020,410,143,31.5,42.0
Grecia,gr,2021,459,180,24.4,35.6
Grecia,gr,2022,488,162,18.5,34.6
Grecia,gr,2023,512,179,20.1,30.2
Grecia,gr,2024,460,195,21.5,34.9
Grecia,gr,2025,606,223,20.2,31.4
India,in,2015,246,104,27.9,36.5
India,in,2016,279,144,26.4,36.8
India,in,2017,301,131,24.4,32.1
India,in,2018,340,168,28.6,39.9
India,in,2019,399,186,23.7,34.9
India,in,2020,463,221,20.4,29.9
India,in,2021,600,305,17.4,25.2
India,in,2022,621,307,20.5,36.2
India,in,2023,802,388,14.7,22.9
India,in,2024,1170,529,15.9,25.3
India,in,2025,1736,730,20.0,31.1
Italia,it,2015,1125,357,34.7,41.7
Italia,it,2016,1297,386,36.5,43.0
Italia,it,2017,1453,472,37.9,43.6
Italia,it,2018,1642,511,35.6,40.5
Italia,it,2019,1710,569,34.4,43.6
Italia,it,2020,1988,703,42.7,48.9
Italia,it,2021,2025,734,39.5,47.0
Italia,it,2022,1961,708,38.0,44.5
Italia,it,2023,2342,905,37.5,44.9
Italia,it,2024,2257,820,40.4,47.7
Italia,it,2025,2604,940,37.6,44.7
Japón,jp,2015,290,129,45.0,57.4
Japón,jp,2016,263,129,45.0,58.9
Japón,jp,2017,303,125,52.8,64.8
Japón,jp,2018,315,136,36.8,52.2
Japón,jp,2019,326,138,48.6,59.4
Japón,jp,2020,393,200,51.5,61.0
Japón,jp,2021,411,211,48.8,57.8
Japón,jp,2022,417,178,48.3,62.9
Japón,jp,2023,399,191,51.8,62.3
Japón,jp,2024,411,208,46.6,54.3
Japón,jp,2025,589,301,63.8,71.4
Perú,pe,2015,43,24,12.5,20.8
Perú,pe,2016,34,23,26.1,30.4
Perú,pe,2017,36,25,8.0,12.0
Perú,pe,2018,71,28,7.1,14.3
Perú,pe,2019,64,32,25.0,25.0
Perú,pe,2020,82,50,14.0,16.0
Perú,pe,2021,98,56,17.9,25.0
Perú,pe,2022,72,41,7.3,22.0
Perú,pe,2023,103,63,22.2,28.6
Perú,pe,2024,126,83,20.5,28.9
Perú,pe,2025,138,81,23.5,30.9
