pais,codigo,corpus,periodo,n,n_con_referente,cobertura_pct,propio,mixto,ajeno,especial,sin_referente,ajeno_excl_pct,ajeno_excl_ic_inf,ajeno_excl_ic_sup,menciona_ajeno_pct,menciona_ajeno_ic_inf,menciona_ajeno_ic_sup,menciona_ajeno_sobre_total_pct
China,cn,A,2015-2019,3763,1627,43.2,1183,111,333,27,2109,20.5,18.6,22.5,27.3,25.2,29.5,11.8
China,cn,A,2020-2025,14563,5329,36.6,4103,294,932,93,9141,17.5,16.5,18.5,23.0,21.9,24.2,8.4
Egipto,eg,A,2015-2019,838,410,48.9,302,27,81,0,428,19.8,16.2,23.9,26.3,22.3,30.8,12.9
Egipto,eg,A,2020-2025,2125,1066,50.2,759,74,233,0,1059,21.9,19.5,24.4,28.8,26.2,31.6,14.4
Francia,fr,A,2015-2019,6374,2363,37.1,695,200,1468,0,4011,62.1,60.2,64.1,70.6,68.7,72.4,26.2
Francia,fr,A,2020-2025,8890,3494,39.3,856,244,2394,0,5396,68.5,67.0,70.0,75.5,74.0,76.9,29.7
Reino Unido,gb,A,2015-2019,10956,4190,38.2,1179,411,2600,0,6766,62.1,60.6,63.5,71.9,70.5,73.2,27.5
Reino Unido,gb,A,2020-2025,16462,6525,39.6,1675,580,4270,0,9937,65.4,64.3,66.6,74.3,73.3,75.4,29.5
Grecia,gr,A,2015-2019,1593,525,33.0,366,56,103,0,1068,19.6,16.4,23.2,30.3,26.5,34.3,10.0
Grecia,gr,A,2020-2025,2935,1082,36.9,710,130,242,0,1853,22.4,20.0,24.9,34.4,31.6,37.3,12.7
India,in,A,2015-2019,1565,733,46.8,468,74,191,0,832,26.1,23.0,29.4,36.2,32.8,39.7,16.9
India,in,A,2020-2025,5392,2480,46.0,1776,256,448,0,2912,18.1,16.6,19.6,28.4,26.6,30.2,13.1
Italia,it,A,2015-2019,7227,2295,31.8,1319,154,822,0,4932,35.8,33.9,37.8,42.5,40.5,44.6,13.5
Italia,it,A,2020-2025,13177,4810,36.5,2589,339,1882,0,8367,39.1,37.8,40.5,46.2,44.8,47.6,16.9
Japón,jp,A,2015-2019,1497,657,43.9,273,85,299,0,840,45.5,41.7,49.3,58.4,54.6,62.2,25.7
Japón,jp,A,2020-2025,2620,1289,49.2,486,123,680,0,1331,52.8,50.0,55.5,62.3,59.6,64.9,30.6
Perú,pe,A,2015-2019,248,132,53.2,105,6,21,0,116,15.9,10.6,23.1,20.5,14.5,28.1,10.9
Perú,pe,A,2020-2025,619,374,60.4,276,28,70,0,245,18.7,15.1,23.0,26.2,22.0,30.9,15.8
China,cn,B,2015-2019,52,14,26.9,9,2,3,0,38,21.4,7.6,47.6,35.7,16.3,61.2,9.6
China,cn,B,2020-2025,1317,240,18.2,200,13,27,8,1069,11.2,7.8,15.9,16.7,12.5,21.9,3.0
Egipto,eg,B,2015-2019,2,0,0.0,0,0,0,0,2,,,,,,,0.0
Egipto,eg,B,2020-2025,50,18,36.0,10,3,5,0,32,27.8,12.5,50.9,44.4,24.6,66.3,16.0
Francia,fr,B,2015-2019,51,9,17.6,4,2,3,0,42,33.3,12.1,64.6,55.6,26.7,81.1,9.8
Francia,fr,B,2020-2025,219,52,23.7,10,5,37,0,167,71.2,57.7,81.7,80.8,68.1,89.2,19.2
Reino Unido,gb,B,2015-2019,61,12,19.7,4,2,6,0,49,50.0,25.4,74.6,66.7,39.1,86.2,13.1
Reino Unido,gb,B,2020-2025,328,104,31.7,31,15,58,0,224,55.8,46.2,64.9,70.2,60.8,78.1,22.3
Grecia,gr,B,2015-2019,22,4,18.2,3,0,1,0,18,25.0,4.6,69.9,25.0,4.6,69.9,4.5
Grecia,gr,B,2020-2025,169,32,18.9,27,2,3,0,137,9.4,3.2,24.2,15.6,6.9,31.8,3.0
India,in,B,2015-2019,24,4,16.7,3,0,1,0,20,25.0,4.6,69.9,25.0,4.6,69.9,4.2
India,in,B,2020-2025,388,77,19.8,58,5,14,0,311,18.2,11.2,28.2,24.7,16.4,35.4,4.9
Italia,it,B,2015-2019,94,19,20.2,13,3,3,0,75,15.8,5.5,37.6,31.6,15.4,54.0,6.4
Italia,it,B,2020-2025,549,104,18.9,54,10,40,0,445,38.5,29.7,48.1,48.1,38.7,57.6,9.1
Japón,jp,B,2015-2019,16,5,31.2,2,1,2,0,11,40.0,11.8,76.9,60.0,23.1,88.2,18.8
Japón,jp,B,2020-2025,110,27,24.5,8,3,16,0,83,59.3,40.7,75.5,70.4,51.5,84.1,17.3
Perú,pe,B,2015-2019,2,0,0.0,0,0,0,0,2,,,,,,,0.0
Perú,pe,B,2020-2025,17,4,23.5,4,0,0,0,13,0.0,0.0,49.0,0.0,0.0,49.0,0.0
