pais,codigo,anio,n_corpus,n_con_marcador,pct
China,cn,2015,892,11,1.23
China,cn,2016,545,5,0.92
China,cn,2017,641,8,1.25
China,cn,2018,843,10,1.19
China,cn,2019,842,10,1.19
China,cn,2020,1153,15,1.3
China,cn,2021,1402,20,1.43
China,cn,2022,1758,23,1.31
China,cn,2023,2396,37,1.54
China,cn,2024,3129,45,1.44
China,cn,2025,4725,61,1.29
Egipto,eg,2015,85,0,0.0
Egipto,eg,2016,134,0,0.0
Egipto,eg,2017,158,0,0.0
Egipto,eg,2018,209,0,0.0
Egipto,eg,2019,252,0,0.0
Egipto,eg,2020,270,1,0.37
Egipto,eg,2021,329,0,0.0
Egipto,eg,2022,413,0,0.0
Egipto,eg,2023,349,0,0.0
Egipto,eg,2024,393,0,0.0
Egipto,eg,2025,371,0,0.0
Francia,fr,2015,976,0,0.0
Francia,fr,2016,1295,2,0.15
Francia,fr,2017,1247,1,0.08
Francia,fr,2018,1429,5,0.35
Francia,fr,2019,1427,4,0.28
Francia,fr,2020,1493,2,0.13
Francia,fr,2021,1524,3,0.2
Francia,fr,2022,1451,2,0.14
Francia,fr,2023,1542,2,0.13
Francia,fr,2024,1390,3,0.22
Francia,fr,2025,1490,4,0.27
Reino Unido,gb,2015,1847,2,0.11
Reino Unido,gb,2016,2107,7,0.33
Reino Unido,gb,2017,2147,0,0.0
Reino Unido,gb,2018,2541,0,0.0
Reino Unido,gb,2019,2314,6,0.26
Reino Unido,gb,2020,2717,9,0.33
Reino Unido,gb,2021,2383,7,0.29
Reino Unido,gb,2022,2525,2,0.08
Reino Unido,gb,2023,2733,12,0.44
Reino Unido,gb,2024,2769,6,0.22
Reino Unido,gb,2025,3335,15,0.45
Grecia,gr,2015,235,0,0.0
Grecia,gr,2016,245,0,0.0
Grecia,gr,2017,320,0,0.0
Grecia,gr,2018,390,0,0.0
Grecia,gr,2019,403,0,0.0
Grecia,gr,2020,410,0,0.0
Grecia,gr,2021,459,2,0.44
Grecia,gr,2022,488,1,0.2
Grecia,gr,2023,512,3,0.59
Grecia,gr,2024,460,1,0.22
Grecia,gr,2025,606,2,0.33
India,in,2015,246,2,0.81
India,in,2016,279,0,0.0
India,in,2017,301,0,0.0
India,in,2018,340,0,0.0
India,in,2019,399,0,0.0
India,in,2020,463,0,0.0
India,in,2021,600,4,0.67
India,in,2022,621,0,0.0
India,in,2023,802,4,0.5
India,in,2024,1170,2,0.17
India,in,2025,1736,3,0.17
Italia,it,2015,1125,1,0.09
Italia,it,2016,1297,2,0.15
Italia,it,2017,1453,0,0.0
Italia,it,2018,1642,1,0.06
Italia,it,2019,1710,2,0.12
Italia,it,2020,1988,1,0.05
Italia,it,2021,2025,3,0.15
Italia,it,2022,1961,2,0.1
Italia,it,2023,2342,3,0.13
Italia,it,2024,2257,2,0.09
Italia,it,2025,2604,7,0.27
Japón,jp,2015,290,1,0.34
Japón,jp,2016,263,1,0.38
Japón,jp,2017,303,1,0.33
Japón,jp,2018,315,1,0.32
Japón,jp,2019,326,0,0.0
Japón,jp,2020,393,1,0.25
Japón,jp,2021,411,0,0.0
Japón,jp,2022,417,2,0.48
Japón,jp,2023,399,1,0.25
Japón,jp,2024,411,0,0.0
Japón,jp,2025,589,1,0.17
Perú,pe,2015,43,0,0.0
Perú,pe,2016,34,0,0.0
Perú,pe,2017,36,0,0.0
Perú,pe,2018,71,0,0.0
Perú,pe,2019,64,0,0.0
Perú,pe,2020,82,0,0.0
Perú,pe,2021,98,0,0.0
Perú,pe,2022,72,0,0.0
Perú,pe,2023,103,0,0.0
Perú,pe,2024,126,0,0.0
Perú,pe,2025,138,0,0.0
