pais,codigo,corpus,n_corpus,n_con_marcador,pct_corpus_pct,pct_corpus_ic_inf,pct_corpus_ic_sup,con_marcador_propio,con_marcador_mixto,con_marcador_ajeno,con_marcador_sin_referente,con_marcador_especial,terminos
China,cn,A,18326,245,1.3,1.2,1.5,118,21,10,94,2,silk road (172); maritime silk road (45); belt and road (39); silk roads (17)
Egipto,eg,A,2963,1,0.0,0.0,0.2,0,0,1,0,0,silk roads (1)
Francia,fr,A,15264,28,0.2,0.1,0.3,0,0,16,12,0,silk road (17); silk roads (7); maritime silk road (2); belt and road (1)
Reino Unido,gb,A,27418,66,0.2,0.2,0.3,1,1,48,16,0,silk road (40); silk roads (16); maritime silk road (7); belt and road (6)
Grecia,gr,A,4528,9,0.2,0.1,0.4,0,2,2,5,0,silk road (7); maritime silk road (1); silk route (1)
India,in,A,6957,15,0.2,0.1,0.4,2,5,4,4,0,silk road (6); silk route (5); silk roads (3); belt and road (1)
Italia,it,A,20404,24,0.1,0.1,0.2,0,0,18,6,0,silk road (13); silk roads (10); belt and road (3); silk route (1)
Japón,jp,A,4117,9,0.2,0.1,0.4,1,2,4,2,0,silk road (6); silk roads (2); belt and road (1); maritime silk road (1)
Perú,pe,A,867,0,0.0,0.0,0.4,0,0,0,0,0,
China,cn,B,1369,9,0.7,0.3,1.2,4,0,0,5,0,silk road (6); maritime silk road (2); one belt one road (1); silk roads (1)
Egipto,eg,B,52,0,0.0,0.0,6.9,0,0,0,0,0,
Francia,fr,B,270,0,0.0,0.0,1.4,0,0,0,0,0,
Reino Unido,gb,B,389,1,0.3,0.0,1.4,0,0,0,1,0,silk road (1)
Grecia,gr,B,191,0,0.0,0.0,2.0,0,0,0,0,0,
India,in,B,412,0,0.0,0.0,0.9,0,0,0,0,0,
Italia,it,B,643,0,0.0,0.0,0.6,0,0,0,0,0,
Japón,jp,B,126,0,0.0,0.0,3.0,0,0,0,0,0,
Perú,pe,B,19,0,0.0,0.0,16.8,0,0,0,0,0,
