corpus,definicion,pais,codigo,n,n_con_referente,cobertura_pct,ajeno_excl_pct,ajeno_excl_ic_inf,ajeno_excl_ic_sup,puesto,de_n_paises
A,principal (nombres de pais; hk/mo/tw aparte),China,cn,18326,6956,38.0,18.2,17.3,19.1,8.0,9
A,principal (nombres de pais; hk/mo/tw aparte),Egipto,eg,2963,1476,49.8,21.3,19.3,23.4,6.0,9
A,principal (nombres de pais; hk/mo/tw aparte),Francia,fr,15264,5857,38.4,65.9,64.7,67.1,1.0,9
A,principal (nombres de pais; hk/mo/tw aparte),Reino Unido,gb,27418,10715,39.1,64.1,63.2,65.0,2.0,9
A,principal (nombres de pais; hk/mo/tw aparte),Grecia,gr,4528,1607,35.5,21.5,19.5,23.5,5.0,9
A,principal (nombres de pais; hk/mo/tw aparte),India,in,6957,3213,46.2,19.9,18.5,21.3,7.0,9
A,principal (nombres de pais; hk/mo/tw aparte),Italia,it,20404,7105,34.8,38.1,36.9,39.2,4.0,9
A,principal (nombres de pais; hk/mo/tw aparte),Japón,jp,4117,1946,47.3,50.3,48.1,52.5,3.0,9
A,principal (nombres de pais; hk/mo/tw aparte),Perú,pe,867,506,58.4,18.0,14.9,21.6,9.0,9
A,+ gentilicios de los 9 paises,China,cn,18326,8771,47.9,14.8,14.0,15.5,9.0,9
A,+ gentilicios de los 9 paises,Egipto,eg,2963,1935,65.3,17.9,16.2,19.7,7.0,9
A,+ gentilicios de los 9 paises,Francia,fr,15264,6581,43.1,61.3,60.1,62.4,1.0,9
A,+ gentilicios de los 9 paises,Reino Unido,gb,27418,12066,44.0,59.1,58.2,60.0,2.0,9
A,+ gentilicios de los 9 paises,Grecia,gr,4528,1867,41.2,19.0,17.3,20.9,5.0,9
A,+ gentilicios de los 9 paises,India,in,6957,3724,53.5,18.3,17.1,19.5,6.0,9
A,+ gentilicios de los 9 paises,Italia,it,20404,8505,41.7,34.6,33.6,35.6,4.0,9
A,+ gentilicios de los 9 paises,Japón,jp,4117,2162,52.5,45.2,43.1,47.3,3.0,9
A,+ gentilicios de los 9 paises,Perú,pe,867,548,63.2,17.7,14.7,21.1,8.0,9
A,+ sitios UNESCO,China,cn,18326,7375,40.2,18.7,17.9,19.6,9.0,9
A,+ sitios UNESCO,Egipto,eg,2963,1549,52.3,23.1,21.1,25.3,5.0,9
A,+ sitios UNESCO,Francia,fr,15264,6472,42.4,65.1,63.9,66.2,1.0,9
A,+ sitios UNESCO,Reino Unido,gb,27418,11521,42.0,64.8,64.0,65.7,2.0,9
A,+ sitios UNESCO,Grecia,gr,4528,1870,41.3,21.2,19.4,23.1,6.0,9
A,+ sitios UNESCO,India,in,6957,3496,50.3,19.4,18.1,20.7,8.0,9
A,+ sitios UNESCO,Italia,it,20404,8379,41.1,35.1,34.1,36.1,4.0,9
A,+ sitios UNESCO,Japón,jp,4117,2051,49.8,51.4,49.2,53.5,3.0,9
A,+ sitios UNESCO,Perú,pe,867,549,63.3,20.9,17.8,24.5,7.0,9
A,+ ciudades (GeoNames),China,cn,18326,9201,50.2,18.5,17.7,19.3,9.0,9
A,+ ciudades (GeoNames),Egipto,eg,2963,2007,67.7,21.6,19.8,23.4,8.0,9
A,+ ciudades (GeoNames),Francia,fr,15264,7977,52.3,62.1,61.1,63.2,1.0,9
A,+ ciudades (GeoNames),Reino Unido,gb,27418,15119,55.1,57.1,56.3,57.9,2.0,9
A,+ ciudades (GeoNames),Grecia,gr,4528,1986,43.9,25.3,23.4,27.2,5.0,9
A,+ ciudades (GeoNames),India,in,6957,3887,55.9,22.2,20.9,23.5,6.0,9
A,+ ciudades (GeoNames),Italia,it,20404,10257,50.3,34.2,33.3,35.1,4.0,9
A,+ ciudades (GeoNames),Japón,jp,4117,2416,58.7,48.7,46.7,50.7,3.0,9
A,+ ciudades (GeoNames),Perú,pe,867,619,71.4,21.8,18.7,25.2,7.0,9
A,+ sitios UNESCO y ciudades,China,cn,18326,9378,51.2,18.5,17.8,19.3,9.0,9
A,+ sitios UNESCO y ciudades,Egipto,eg,2963,2011,67.9,21.6,19.8,23.4,8.0,9
A,+ sitios UNESCO y ciudades,Francia,fr,15264,8119,53.2,62.1,61.1,63.2,1.0,9
A,+ sitios UNESCO y ciudades,Reino Unido,gb,27418,15375,56.1,56.8,56.0,57.5,2.0,9
A,+ sitios UNESCO y ciudades,Grecia,gr,4528,2061,45.5,25.0,23.2,27.0,5.0,9
A,+ sitios UNESCO y ciudades,India,in,6957,4027,57.9,21.7,20.4,23.0,7.0,9
A,+ sitios UNESCO y ciudades,Italia,it,20404,10485,51.4,34.0,33.1,34.9,4.0,9
A,+ sitios UNESCO y ciudades,Japón,jp,4117,2457,59.7,48.7,46.7,50.7,3.0,9
A,+ sitios UNESCO y ciudades,Perú,pe,867,629,72.5,22.7,19.6,26.2,6.0,9
A,"+ gentilicios, sitios y ciudades (maxima recuperacion)",China,cn,18326,10784,58.8,15.9,15.3,16.7,9.0,9
A,"+ gentilicios, sitios y ciudades (maxima recuperacion)",Egipto,eg,2963,2242,75.7,18.8,17.3,20.5,8.0,9
A,"+ gentilicios, sitios y ciudades (maxima recuperacion)",Francia,fr,15264,8612,56.4,59.0,57.9,60.0,1.0,9
A,"+ gentilicios, sitios y ciudades (maxima recuperacion)",Reino Unido,gb,27418,16150,58.9,54.2,53.5,55.0,2.0,9
A,"+ gentilicios, sitios y ciudades (maxima recuperacion)",Grecia,gr,4528,2257,49.8,22.2,20.6,24.0,5.0,9
A,"+ gentilicios, sitios y ciudades (maxima recuperacion)",India,in,6957,4410,63.4,20.1,19.0,21.3,7.0,9
A,"+ gentilicios, sitios y ciudades (maxima recuperacion)",Italia,it,20404,11338,55.6,31.5,30.7,32.4,4.0,9
A,"+ gentilicios, sitios y ciudades (maxima recuperacion)",Japón,jp,4117,2615,63.5,45.2,43.3,47.1,3.0,9
A,"+ gentilicios, sitios y ciudades (maxima recuperacion)",Perú,pe,867,660,76.1,22.0,19.0,25.3,6.0,9
A,hk/mo/tw como propios de China,China,cn,18326,7076,38.6,17.8,16.9,18.7,9.0,9
A,hk/mo/tw como propios de China,Egipto,eg,2963,1476,49.8,21.3,19.3,23.4,6.0,9
A,hk/mo/tw como propios de China,Francia,fr,15264,5857,38.4,65.9,64.7,67.1,1.0,9
A,hk/mo/tw como propios de China,Reino Unido,gb,27418,10715,39.1,64.1,63.2,65.0,2.0,9
A,hk/mo/tw como propios de China,Grecia,gr,4528,1607,35.5,21.5,19.5,23.5,5.0,9
A,hk/mo/tw como propios de China,India,in,6957,3213,46.2,19.9,18.5,21.3,7.0,9
A,hk/mo/tw como propios de China,Italia,it,20404,7105,34.8,38.1,36.9,39.2,4.0,9
A,hk/mo/tw como propios de China,Japón,jp,4117,1946,47.3,50.3,48.1,52.5,3.0,9
A,hk/mo/tw como propios de China,Perú,pe,867,506,58.4,18.0,14.9,21.6,8.0,9
A,hk/mo/tw como ajenos a China,China,cn,18326,7076,38.6,19.6,18.7,20.5,8.0,9
A,hk/mo/tw como ajenos a China,Egipto,eg,2963,1476,49.8,21.3,19.3,23.4,6.0,9
A,hk/mo/tw como ajenos a China,Francia,fr,15264,5857,38.4,65.9,64.7,67.1,1.0,9
A,hk/mo/tw como ajenos a China,Reino Unido,gb,27418,10715,39.1,64.1,63.2,65.0,2.0,9
A,hk/mo/tw como ajenos a China,Grecia,gr,4528,1607,35.5,21.5,19.5,23.5,5.0,9
A,hk/mo/tw como ajenos a China,India,in,6957,3213,46.2,19.9,18.5,21.3,7.0,9
A,hk/mo/tw como ajenos a China,Italia,it,20404,7105,34.8,38.1,36.9,39.2,4.0,9
A,hk/mo/tw como ajenos a China,Japón,jp,4117,1946,47.3,50.3,48.1,52.5,3.0,9
A,hk/mo/tw como ajenos a China,Perú,pe,867,506,58.4,18.0,14.9,21.6,9.0,9
A,"principal, sin tema principal de ciencias de la vida",China,cn,17476,6351,36.3,17.9,16.9,18.8,9.0,9
A,"principal, sin tema principal de ciencias de la vida",Egipto,eg,2906,1434,49.3,20.9,18.9,23.1,6.0,9
A,"principal, sin tema principal de ciencias de la vida",Francia,fr,14408,5375,37.3,65.8,64.5,67.0,1.0,9
A,"principal, sin tema principal de ciencias de la vida",Reino Unido,gb,25486,9703,38.1,63.3,62.3,64.3,2.0,9
A,"principal, sin tema principal de ciencias de la vida",Grecia,gr,4423,1551,35.1,21.5,19.5,23.6,5.0,9
A,"principal, sin tema principal de ciencias de la vida",India,in,6433,2882,44.8,20.5,19.1,22.0,7.0,9
A,"principal, sin tema principal de ciencias de la vida",Italia,it,19757,6753,34.2,37.6,36.5,38.8,4.0,9
A,"principal, sin tema principal de ciencias de la vida",Japón,jp,3586,1601,44.6,52.0,49.5,54.4,3.0,9
A,"principal, sin tema principal de ciencias de la vida",Perú,pe,793,452,57.0,18.1,14.9,22.0,8.0,9
B,principal (nombres de pais; hk/mo/tw aparte),China,cn,1369,254,18.6,11.8,8.4,16.4,7.0,9
B,principal (nombres de pais; hk/mo/tw aparte),Egipto,eg,52,18,34.6,27.8,12.5,50.9,5.0,9
B,principal (nombres de pais; hk/mo/tw aparte),Francia,fr,270,61,22.6,65.6,53.0,76.3,1.0,9
B,principal (nombres de pais; hk/mo/tw aparte),Reino Unido,gb,389,116,29.8,55.2,46.1,63.9,3.0,9
B,principal (nombres de pais; hk/mo/tw aparte),Grecia,gr,191,36,18.8,11.1,4.4,25.3,8.0,9
B,principal (nombres de pais; hk/mo/tw aparte),India,in,412,81,19.7,18.5,11.6,28.3,6.0,9
B,principal (nombres de pais; hk/mo/tw aparte),Italia,it,643,123,19.1,35.0,27.1,43.7,4.0,9
B,principal (nombres de pais; hk/mo/tw aparte),Japón,jp,126,32,25.4,56.2,39.3,71.8,2.0,9
B,principal (nombres de pais; hk/mo/tw aparte),Perú,pe,19,4,21.1,0.0,0.0,49.0,9.0,9
B,+ gentilicios de los 9 paises,China,cn,1369,458,33.5,5.9,4.1,8.4,8.0,9
B,+ gentilicios de los 9 paises,Egipto,eg,52,24,46.2,16.7,6.7,35.9,5.0,9
B,+ gentilicios de los 9 paises,Francia,fr,270,77,28.5,53.2,42.2,64.0,3.0,9
B,+ gentilicios de los 9 paises,Reino Unido,gb,389,138,35.5,54.3,46.0,62.4,2.0,9
B,+ gentilicios de los 9 paises,Grecia,gr,191,51,26.7,7.8,3.1,18.5,7.0,9
B,+ gentilicios de los 9 paises,India,in,412,136,33.0,11.8,7.4,18.3,6.0,9
B,+ gentilicios de los 9 paises,Italia,it,643,168,26.1,31.0,24.5,38.3,4.0,9
B,+ gentilicios de los 9 paises,Japón,jp,126,40,31.7,55.0,39.8,69.3,1.0,9
B,+ gentilicios de los 9 paises,Perú,pe,19,4,21.1,0.0,0.0,49.0,9.0,9
B,+ sitios UNESCO,China,cn,1369,285,20.8,14.4,10.8,18.9,8.0,9
B,+ sitios UNESCO,Egipto,eg,52,19,36.5,26.3,11.8,48.8,5.0,9
B,+ sitios UNESCO,Francia,fr,270,67,24.8,61.2,49.2,72.0,1.0,9
B,+ sitios UNESCO,Reino Unido,gb,389,129,33.2,56.6,48.0,64.8,2.0,9
B,+ sitios UNESCO,Grecia,gr,191,46,24.1,15.2,7.6,28.2,7.0,9
B,+ sitios UNESCO,India,in,412,88,21.4,17.0,10.6,26.2,6.0,9
B,+ sitios UNESCO,Italia,it,643,154,24.0,33.1,26.2,40.9,4.0,9
B,+ sitios UNESCO,Japón,jp,126,36,28.6,55.6,39.6,70.5,3.0,9
B,+ sitios UNESCO,Perú,pe,19,4,21.1,0.0,0.0,49.0,9.0,9
B,+ ciudades (GeoNames),China,cn,1369,407,29.7,12.3,9.4,15.8,8.0,9
B,+ ciudades (GeoNames),Egipto,eg,52,23,44.2,30.4,15.6,50.9,5.0,9
B,+ ciudades (GeoNames),Francia,fr,270,84,31.1,59.5,48.8,69.4,2.0,9
B,+ ciudades (GeoNames),Reino Unido,gb,389,156,40.1,52.6,44.8,60.2,3.0,9
B,+ ciudades (GeoNames),Grecia,gr,191,51,26.7,21.6,12.5,34.6,6.0,9
B,+ ciudades (GeoNames),India,in,412,101,24.5,20.8,14.0,29.7,7.0,9
B,+ ciudades (GeoNames),Italia,it,643,190,29.5,33.7,27.3,40.7,4.0,9
B,+ ciudades (GeoNames),Japón,jp,126,43,34.1,60.5,45.6,73.6,1.0,9
B,+ ciudades (GeoNames),Perú,pe,19,5,26.3,0.0,0.0,43.4,9.0,9
B,+ sitios UNESCO y ciudades,China,cn,1369,416,30.4,12.0,9.2,15.5,8.0,9
B,+ sitios UNESCO y ciudades,Egipto,eg,52,23,44.2,30.4,15.6,50.9,5.0,9
B,+ sitios UNESCO y ciudades,Francia,fr,270,85,31.5,60.0,49.4,69.8,1.0,9
B,+ sitios UNESCO y ciudades,Reino Unido,gb,389,162,41.6,51.9,44.2,59.4,3.0,9
B,+ sitios UNESCO y ciudades,Grecia,gr,191,51,26.7,21.6,12.5,34.6,6.0,9
B,+ sitios UNESCO y ciudades,India,in,412,104,25.2,19.2,12.8,27.8,7.0,9
B,+ sitios UNESCO y ciudades,Italia,it,643,192,29.9,33.3,27.0,40.3,4.0,9
B,+ sitios UNESCO y ciudades,Japón,jp,126,44,34.9,59.1,44.4,72.3,2.0,9
B,+ sitios UNESCO y ciudades,Perú,pe,19,5,26.3,0.0,0.0,43.4,9.0,9
B,"+ gentilicios, sitios y ciudades (maxima recuperacion)",China,cn,1369,585,42.7,7.2,5.4,9.6,8.0,9
B,"+ gentilicios, sitios y ciudades (maxima recuperacion)",Egipto,eg,52,28,53.8,21.4,10.2,39.5,5.0,9
B,"+ gentilicios, sitios y ciudades (maxima recuperacion)",Francia,fr,270,98,36.3,51.0,41.3,60.7,3.0,9
B,"+ gentilicios, sitios y ciudades (maxima recuperacion)",Reino Unido,gb,389,179,46.0,53.1,45.8,60.2,2.0,9
B,"+ gentilicios, sitios y ciudades (maxima recuperacion)",Grecia,gr,191,62,32.5,16.1,9.0,27.2,6.0,9
B,"+ gentilicios, sitios y ciudades (maxima recuperacion)",India,in,412,154,37.4,14.3,9.6,20.7,7.0,9
B,"+ gentilicios, sitios y ciudades (maxima recuperacion)",Italia,it,643,228,35.5,29.8,24.3,36.1,4.0,9
B,"+ gentilicios, sitios y ciudades (maxima recuperacion)",Japón,jp,126,51,40.5,56.9,43.3,69.5,1.0,9
B,"+ gentilicios, sitios y ciudades (maxima recuperacion)",Perú,pe,19,5,26.3,0.0,0.0,43.4,9.0,9
B,hk/mo/tw como propios de China,China,cn,1369,262,19.1,11.1,7.8,15.4,7.0,9
B,hk/mo/tw como propios de China,Egipto,eg,52,18,34.6,27.8,12.5,50.9,5.0,9
B,hk/mo/tw como propios de China,Francia,fr,270,61,22.6,65.6,53.0,76.3,1.0,9
B,hk/mo/tw como propios de China,Reino Unido,gb,389,116,29.8,55.2,46.1,63.9,3.0,9
B,hk/mo/tw como propios de China,Grecia,gr,191,36,18.8,11.1,4.4,25.3,7.0,9
B,hk/mo/tw como propios de China,India,in,412,81,19.7,18.5,11.6,28.3,6.0,9
B,hk/mo/tw como propios de China,Italia,it,643,123,19.1,35.0,27.1,43.7,4.0,9
B,hk/mo/tw como propios de China,Japón,jp,126,32,25.4,56.2,39.3,71.8,2.0,9
B,hk/mo/tw como propios de China,Perú,pe,19,4,21.1,0.0,0.0,49.0,9.0,9
B,hk/mo/tw como ajenos a China,China,cn,1369,262,19.1,14.5,10.8,19.3,7.0,9
B,hk/mo/tw como ajenos a China,Egipto,eg,52,18,34.6,27.8,12.5,50.9,5.0,9
B,hk/mo/tw como ajenos a China,Francia,fr,270,61,22.6,65.6,53.0,76.3,1.0,9
B,hk/mo/tw como ajenos a China,Reino Unido,gb,389,116,29.8,55.2,46.1,63.9,3.0,9
B,hk/mo/tw como ajenos a China,Grecia,gr,191,36,18.8,11.1,4.4,25.3,8.0,9
B,hk/mo/tw como ajenos a China,India,in,412,81,19.7,18.5,11.6,28.3,6.0,9
B,hk/mo/tw como ajenos a China,Italia,it,643,123,19.1,35.0,27.1,43.7,4.0,9
B,hk/mo/tw como ajenos a China,Japón,jp,126,32,25.4,56.2,39.3,71.8,2.0,9
B,hk/mo/tw como ajenos a China,Perú,pe,19,4,21.1,0.0,0.0,49.0,9.0,9
B,"principal, sin tema principal de ciencias de la vida",China,cn,1364,253,18.5,11.5,8.1,16.0,7.0,9
B,"principal, sin tema principal de ciencias de la vida",Egipto,eg,52,18,34.6,27.8,12.5,50.9,5.0,9
B,"principal, sin tema principal de ciencias de la vida",Francia,fr,252,50,19.8,70.0,56.2,80.9,1.0,9
B,"principal, sin tema principal de ciencias de la vida",Reino Unido,gb,362,109,30.1,54.1,44.8,63.2,3.0,9
B,"principal, sin tema principal de ciencias de la vida",Grecia,gr,189,36,19.0,11.1,4.4,25.3,8.0,9
B,"principal, sin tema principal de ciencias de la vida",India,in,409,80,19.6,18.8,11.7,28.7,6.0,9
B,"principal, sin tema principal de ciencias de la vida",Italia,it,639,121,18.9,34.7,26.8,43.5,4.0,9
B,"principal, sin tema principal de ciencias de la vida",Japón,jp,124,32,25.8,56.2,39.3,71.8,2.0,9
B,"principal, sin tema principal de ciencias de la vida",Perú,pe,18,3,16.7,0.0,0.0,56.2,9.0,9
